year,imd10,sex,0,1,2,3,4,5,6,7,8,9,10,11,12,13,14,15,16,17,18,19,20,21,22,23,24,25,26,27,28,29,30,31,32,33,34,35,36,37,38,39,40,41,42,43,44,45,46,47,48,49,50,51,52,53,54,55,56,57,58,59,60,61,62,63,64,65,66,67,68,69,70,71,72,73,74
2001,1,m,359,30,25,12,11,9,6,8,5,5,5,8,11,17,13,5,11,24,45,43,40,38,47,48,52,46,39,62,56,82,66,72,66,86,111,97,85,86,104,108,118,135,121,135,132,149,142,171,166,241,207,215,262,267,330,234,282,331,358,339,364,438,481,527,499,506,606,654,661,723,791,794,853,910,931
2001,2,m,292,14,8,9,10,5,3,7,6,4,3,4,11,10,11,15,14,29,34,29,39,34,26,20,43,39,43,53,45,44,34,63,64,69,76,68,69,80,104,77,83,74,96,98,91,122,116,144,150,171,166,194,179,240,247,255,243,269,269,304,321,326,366,376,416,489,481,533,579,582,647,724,713,766,822
2001,3,m,198,18,10,2,6,7,4,3,3,1,11,7,7,8,7,12,13,26,17,31,24,19,32,26,29,29,33,37,37,45,49,47,52,55,65,59,67,60,56,76,77,73,70,68,91,98,94,109,143,122,130,155,175,169,237,209,233,232,253,239,278,307,367,371,414,420,434,451,515,566,629,631,719,696,814
2001,4,m,169,12,6,10,6,6,6,1,2,1,5,6,6,8,9,5,11,18,21,31,20,20,23,20,25,28,23,31,37,47,40,46,40,47,43,53,37,54,54,71,68,61,75,71,70,69,98,92,107,120,130,136,151,171,210,184,208,238,247,245,245,286,316,349,332,406,417,441,454,562,566,667,656,695,751
2001,5,m,118,11,6,2,5,5,6,4,2,1,5,5,11,9,4,11,11,11,29,18,21,16,25,20,28,30,26,31,26,38,34,41,38,43,35,38,46,41,58,55,69,42,50,80,73,67,75,82,90,107,108,120,159,163,206,189,185,208,218,248,226,281,295,339,349,354,400,441,445,499,575,584,623,745,778
2001,6,m,123,7,5,3,1,3,1,1,6,3,1,4,3,3,4,10,11,10,28,20,20,23,19,22,21,19,26,19,19,24,31,39,33,46,39,38,45,31,38,43,47,49,60,64,62,66,75,89,73,75,98,129,136,155,183,164,190,212,217,178,223,261,263,296,313,336,394,389,450,517,515,615,594,685,731
2001,7,m,137,6,2,7,4,1,4,6,4,3,5,3,3,3,7,6,11,16,22,25,20,22,15,23,20,21,31,21,24,23,32,31,30,38,41,20,43,41,39,40,34,40,54,35,48,63,60,80,86,106,83,106,113,166,171,186,192,195,190,227,217,236,294,282,307,318,346,404,391,482,499,554,620,574,659
2001,8,m,100,8,3,1,4,1,4,5,0,2,3,2,3,2,9,5,11,17,18,14,17,19,15,17,24,17,13,11,20,26,24,21,23,27,34,30,19,29,31,43,39,42,46,43,49,54,66,73,75,76,89,99,122,134,170,142,181,198,212,202,183,232,245,250,299,310,347,360,380,423,481,561,591,560,624
2001,9,m,112,12,7,4,1,2,5,4,3,4,9,3,3,4,5,4,6,5,11,18,9,20,13,10,13,17,15,17,18,17,15,16,25,24,21,25,31,42,38,36,33,28,35,46,50,48,62,45,57,72,84,106,117,125,166,162,159,157,222,178,188,212,232,268,282,284,309,310,354,438,476,508,543,528,602
2001,10,m,98,8,8,3,2,1,3,3,6,0,3,4,4,2,8,6,6,18,22,24,20,7,14,7,13,14,12,14,9,19,11,15,17,15,32,15,25,28,23,28,32,33,38,42,35,40,53,53,67,62,74,88,108,127,140,109,159,166,155,157,146,193,222,212,242,270,269,314,337,356,424,422,472,529,553
2002,1,m,384,33,11,8,8,6,7,6,4,9,6,7,8,8,10,9,16,25,39,28,32,29,45,41,49,53,46,49,52,59,75,69,84,88,77,91,97,104,89,107,95,124,132,135,135,139,182,184,202,223,210,225,245,260,298,343,295,342,384,389,371,401,432,502,543,558,621,587,645,702,712,809,823,882,894
2002,2,m,258,17,9,5,9,6,6,4,3,4,3,5,4,9,9,10,18,19,26,37,40,30,43,41,29,30,42,34,51,50,55,59,68,60,63,63,65,78,97,97,90,86,89,100,97,131,112,121,132,147,154,158,192,203,204,260,225,245,264,280,312,348,360,409,417,455,454,529,537,564,599,679,778,767,795
2002,3,m,233,5,4,4,6,3,3,6,3,8,1,6,6,10,9,7,14,24,26,22,31,26,35,24,27,33,25,48,43,46,50,40,50,47,49,51,79,57,59,71,75,71,79,83,106,96,112,121,99,123,129,152,181,186,196,260,198,257,262,285,285,288,343,376,413,429,418,465,505,554,629,623,734,706,767
2002,4,m,172,12,7,5,3,8,2,2,5,2,3,7,2,11,13,12,10,24,22,22,24,22,18,34,34,27,41,29,37,47,33,42,38,34,53,56,53,72,45,53,75,75,78,74,72,92,90,88,100,125,147,131,156,144,217,200,236,211,238,252,258,260,321,343,389,399,397,438,466,508,569,640,583,672,745
2002,5,m,160,6,10,5,7,2,4,5,2,3,2,3,4,5,7,9,15,16,27,24,27,28,18,17,28,23,22,35,20,30,32,52,38,36,48,39,51,47,46,54,43,79,61,86,59,65,79,100,98,97,97,124,127,171,176,225,173,209,253,230,242,245,308,302,309,358,390,404,455,472,523,586,612,671,713
2002,6,m,131,17,5,6,3,2,4,4,0,3,4,4,5,5,7,9,17,20,22,19,22,25,22,14,15,25,24,25,32,29,29,31,26,41,29,34,36,38,37,42,54,56,55,58,59,69,71,82,83,96,117,117,131,125,152,179,191,216,231,232,247,237,296,300,350,349,400,414,423,476,511,575,640,668,701
2002,7,m,114,11,11,1,4,5,3,5,5,3,4,9,2,10,4,7,12,15,15,19,26,16,22,14,15,21,19,13,12,26,30,26,29,33,38,30,36,50,37,43,55,44,45,46,46,71,64,71,80,80,107,102,123,134,177,169,178,173,190,209,248,206,250,270,275,335,364,384,415,463,516,564,583,571,656
2002,8,m,112,13,3,6,4,6,5,1,3,7,2,4,3,3,8,10,8,15,25,9,22,15,19,15,15,16,23,20,17,19,30,22,24,23,27,29,33,36,36,33,38,32,38,56,42,73,63,67,69,98,96,96,114,148,153,184,152,192,187,217,211,210,240,282,324,343,324,390,394,413,456,510,537,576,644
2002,9,m,111,8,8,1,4,0,1,2,3,3,2,4,4,7,1,11,10,11,16,24,25,16,18,14,9,17,14,15,28,16,23,19,25,20,21,31,37,32,32,28,46,29,36,48,41,55,32,67,48,82,72,92,95,108,121,193,160,180,175,190,211,167,212,241,271,284,294,359,354,407,434,534,535,548,620
2002,10,m,62,9,8,4,3,1,3,2,2,2,4,4,2,4,4,9,10,11,14,10,7,20,14,16,16,13,10,11,19,7,23,14,16,19,25,20,21,24,32,21,30,34,29,37,47,55,52,56,60,76,78,73,85,116,134,138,149,141,188,181,158,173,209,196,221,271,269,287,331,389,396,458,502,503,542
2003,1,m,404,20,25,18,8,5,7,7,7,3,4,5,6,5,14,10,26,19,34,34,33,44,38,37,46,46,40,39,58,51,70,72,76,77,89,81,95,102,90,106,111,130,128,143,137,141,154,178,170,184,222,243,260,254,269,313,400,318,347,394,430,418,406,521,541,550,577,628,626,680,640,788,788,788,895
2003,2,m,294,26,12,11,8,5,5,3,6,6,4,2,5,7,3,6,17,25,32,20,35,33,30,42,28,31,35,37,36,44,48,56,69,70,70,66,71,70,78,80,83,96,90,116,103,105,119,131,144,133,178,167,172,209,231,265,294,284,269,318,332,312,312,383,432,421,475,544,529,547,553,671,677,760,772
2003,3,m,218,6,4,8,4,7,6,1,2,3,0,8,4,6,10,7,11,17,26,24,24,18,35,30,22,35,26,31,33,50,44,67,58,46,63,68,72,76,83,73,81,72,87,103,93,90,104,108,118,131,153,157,170,183,212,246,236,229,275,290,292,305,307,347,378,430,419,431,521,508,525,586,687,718,720
2003,4,m,171,14,4,6,6,3,7,3,5,7,7,0,3,6,5,10,14,15,27,20,33,33,28,32,31,18,31,29,37,32,45,35,41,43,44,49,40,63,56,64,77,75,70,93,71,84,89,102,117,115,122,125,151,160,175,204,233,248,225,263,272,280,271,324,367,414,354,426,437,458,551,603,618,693,747
2003,5,m,124,8,3,4,4,3,4,3,3,4,1,5,8,3,8,11,13,9,20,10,30,16,30,19,23,23,17,19,20,31,35,20,38,39,27,40,50,36,52,62,59,52,73,60,74,69,83,92,107,110,102,120,129,146,157,219,242,231,239,231,293,275,298,270,343,341,397,406,446,491,497,593,616,663,672
2003,6,m,128,6,3,1,4,3,2,7,5,7,3,4,7,9,6,10,8,10,27,29,18,18,27,20,24,21,25,18,22,23,19,32,25,37,32,34,45,44,41,41,56,60,62,53,60,70,78,71,88,87,116,111,114,130,169,199,216,202,197,224,254,268,265,298,336,320,414,453,422,487,504,529,570,605,710
2003,7,m,109,6,6,2,2,3,3,2,2,4,1,2,7,11,4,7,6,13,19,15,25,25,12,17,11,18,18,20,13,20,18,23,23,27,36,44,26,37,36,35,51,53,61,57,52,67,70,82,69,99,86,101,100,125,160,186,208,214,205,241,223,246,270,273,313,347,333,388,430,429,466,521,605,621,702
2003,8,m,95,4,5,3,3,5,2,3,2,2,0,1,4,3,3,8,6,24,18,16,18,12,22,19,16,20,16,4,28,21,26,34,18,23,25,25,22,44,36,36,35,57,39,47,58,48,68,72,69,63,93,87,97,122,149,175,185,169,188,203,232,203,229,262,279,288,349,351,437,399,455,487,516,575,619
2003,9,m,104,8,5,4,4,3,3,0,1,2,4,5,3,4,8,5,5,14,16,21,18,21,19,21,13,21,13,12,14,25,22,24,25,22,25,21,32,33,22,43,39,31,48,46,43,41,57,55,58,83,76,86,96,108,146,156,180,185,180,181,236,201,226,231,275,289,324,357,377,401,426,474,518,570,583
2003,10,m,88,7,4,4,6,6,2,2,3,2,4,9,4,2,5,6,2,14,13,16,16,13,12,19,16,11,9,11,10,5,8,12,22,16,15,22,20,20,21,35,47,32,33,39,44,45,53,54,63,46,78,76,85,107,101,174,178,166,142,169,185,173,188,210,231,275,248,281,346,359,346,433,446,512,535
2004,1,m,350,22,18,14,3,2,6,5,5,4,11,7,11,14,8,17,18,22,33,33,27,30,45,56,52,41,46,44,53,56,52,81,64,97,67,83,95,95,97,120,123,128,129,147,136,136,161,169,166,185,184,236,238,261,251,260,319,397,334,362,393,419,451,431,487,562,580,599,641,668,693,679,761,776,809
2004,2,m,286,19,12,10,7,5,3,1,10,3,4,5,5,6,10,8,17,21,17,22,36,20,34,37,33,22,51,34,43,44,32,61,61,48,67,64,72,66,99,88,97,85,106,139,119,108,123,129,135,144,139,161,193,212,219,223,274,273,280,281,310,319,325,316,387,405,464,501,458,538,593,601,644,688,706
2004,3,m,220,15,6,2,4,4,2,1,1,6,6,3,0,9,7,12,10,17,28,18,38,21,30,26,31,41,30,32,31,37,31,47,60,48,44,61,68,69,59,75,87,55,71,79,93,115,84,94,135,131,124,157,175,194,207,225,233,264,227,254,281,295,309,330,335,399,446,405,459,464,488,583,621,682,680
2004,4,m,179,13,7,8,2,3,5,5,1,5,1,3,8,2,8,9,7,26,16,25,17,25,24,34,19,33,21,24,28,31,26,30,41,44,40,49,59,48,44,61,49,64,66,86,80,74,83,96,110,109,137,140,146,158,176,208,217,243,216,228,251,283,300,282,315,374,368,446,442,487,537,532,629,584,665
2004,5,m,107,12,5,5,5,1,2,1,2,1,8,2,7,3,7,10,8,10,27,15,25,19,23,23,27,25,25,21,23,20,33,24,44,25,29,45,39,42,43,50,62,39,61,79,61,80,94,74,87,113,91,114,119,138,162,173,187,254,195,233,238,292,291,305,340,357,372,399,447,448,501,522,545,632,663
2004,6,m,150,12,4,3,4,5,3,3,3,3,4,4,7,5,6,8,11,16,17,23,16,19,24,26,24,25,21,15,22,22,27,33,39,27,28,39,42,45,47,58,44,50,70,68,75,56,75,78,78,83,93,111,110,126,149,174,187,268,208,227,278,286,275,242,319,332,366,399,447,450,456,504,592,617,656
2004,7,m,124,7,3,3,8,2,2,5,4,2,1,2,8,2,6,5,10,10,19,19,26,15,14,15,11,19,14,23,18,22,22,22,25,30,28,30,28,43,33,41,43,43,51,55,64,57,59,71,69,100,94,87,126,96,128,138,190,224,187,232,212,240,281,241,304,317,348,352,428,427,456,436,553,600,627
2004,8,m,111,7,4,4,1,0,4,6,2,4,0,1,0,3,3,7,8,17,13,17,15,17,17,20,12,16,11,19,23,17,23,16,25,22,37,37,37,34,27,26,32,39,47,46,52,60,50,57,70,71,95,100,114,104,130,135,180,202,154,167,232,247,245,216,283,301,351,354,392,464,417,458,519,562,597
2004,9,m,106,8,7,9,2,3,3,4,5,2,4,1,4,1,3,6,8,15,18,14,22,17,17,16,23,14,20,15,9,24,18,10,22,15,17,32,27,29,39,33,42,34,42,28,50,42,45,71,64,70,75,88,94,102,136,124,159,188,174,210,228,219,216,217,251,290,306,311,341,413,417,422,545,573,590
2004,10,m,66,8,3,2,2,0,3,1,3,3,3,1,0,6,8,10,7,9,17,13,14,7,16,10,10,8,7,15,11,8,12,15,20,20,21,20,27,30,22,28,38,34,44,36,38,37,54,65,60,72,76,97,107,89,121,139,131,196,167,150,210,188,231,171,224,247,269,320,314,317,350,386,395,494,487
2005,1,m,367,22,12,5,9,3,6,3,4,2,8,12,8,11,11,7,18,19,33,33,50,50,35,41,43,41,37,38,45,71,59,66,62,95,75,82,83,109,86,92,128,120,143,140,167,157,155,174,214,168,206,224,208,224,252,283,294,340,371,353,388,401,434,473,460,531,580,589,592,603,612,691,683,763,797
2005,2,m,291,20,7,9,9,5,8,8,4,6,4,3,12,4,10,9,12,19,24,30,26,18,34,29,37,36,41,38,22,32,47,44,52,55,63,54,62,78,76,70,93,117,89,132,108,104,120,122,153,146,173,184,177,170,192,216,201,269,316,305,333,314,361,363,373,407,439,461,497,510,518,640,601,675,749
2005,3,m,224,21,6,3,3,5,5,2,1,3,1,6,8,8,11,8,13,25,15,20,22,27,23,35,33,37,31,35,19,35,32,33,42,55,63,61,73,76,74,76,65,89,71,97,78,103,102,114,119,121,150,153,137,145,191,212,214,251,266,248,301,303,280,339,348,339,391,435,421,484,502,540,548,618,678
2005,4,m,180,12,7,10,1,1,3,3,1,3,5,3,3,4,3,9,7,25,16,26,26,19,17,26,23,40,26,24,18,22,41,26,38,37,40,42,55,54,54,62,73,77,62,77,80,91,93,104,103,119,113,125,137,138,158,187,200,227,259,257,249,306,320,292,302,352,372,426,449,459,499,538,571,572,680
2005,5,m,147,13,10,4,2,4,5,3,3,2,2,3,2,7,2,6,7,12,15,20,19,23,21,18,15,27,27,26,26,24,25,24,24,35,39,40,48,54,38,54,65,74,60,67,67,86,78,87,101,80,109,129,141,135,180,168,216,236,250,230,264,284,289,315,299,319,343,421,435,461,469,530,600,629,676
2005,6,m,130,6,4,0,1,5,5,1,3,3,6,1,3,2,3,7,17,23,21,20,19,21,23,18,13,16,20,14,10,15,23,24,25,36,43,44,42,37,40,45,61,57,56,56,61,75,64,81,95,82,90,114,105,134,140,164,172,230,266,208,263,273,280,306,289,328,382,360,415,427,479,505,517,614,624
2005,7,m,140,8,7,2,3,4,4,1,2,2,0,4,6,4,4,7,7,10,26,9,12,15,25,19,16,13,20,17,15,13,20,15,29,23,29,31,32,42,43,35,32,47,67,55,50,86,77,73,82,94,87,108,143,104,109,152,156,202,237,222,243,251,253,303,278,306,365,345,382,411,425,470,510,568,666
2005,8,m,110,7,8,3,2,4,5,2,5,2,6,3,4,4,11,8,11,21,18,17,11,26,14,14,17,12,15,13,12,18,24,16,20,26,18,31,35,34,30,41,33,33,39,63,61,53,67,69,54,81,82,71,96,115,107,119,158,180,215,204,240,234,269,216,265,312,313,358,382,361,439,445,526,544,518
2005,9,m,106,8,3,7,5,1,1,2,2,2,1,4,2,6,4,4,7,15,22,18,16,12,18,21,11,21,8,11,14,23,13,19,25,17,22,19,35,34,36,23,35,37,41,44,50,42,50,58,61,78,64,87,97,114,111,140,138,171,225,190,212,235,232,212,232,261,255,328,361,385,405,429,475,484,574
2005,10,m,79,6,3,6,1,1,3,1,2,2,2,6,7,5,5,8,7,10,12,27,15,14,15,10,13,21,11,15,16,9,16,20,18,22,27,16,18,14,29,34,26,34,39,42,32,49,50,47,63,73,74,74,86,91,97,115,140,182,189,184,210,197,209,182,211,236,257,283,305,337,352,377,413,451,531
2006,1,m,393,31,16,8,5,6,8,4,8,13,4,5,8,9,11,10,20,19,35,43,50,40,53,38,47,40,46,48,47,50,50,62,69,72,74,89,102,103,117,103,116,130,138,157,160,154,170,176,178,196,169,223,229,254,255,308,300,316,368,398,373,399,413,453,463,459,542,620,566,619,618,663,684,685,751
2006,2,m,292,25,4,3,5,4,0,4,1,4,4,11,5,8,9,16,15,18,19,30,33,29,30,24,26,50,24,28,25,31,45,49,64,51,60,61,80,85,63,82,77,110,103,101,114,116,128,135,129,157,163,172,193,214,216,223,273,284,286,310,316,336,341,370,368,362,392,436,486,517,550,535,581,623,671
2006,3,m,223,14,9,5,5,6,2,3,3,4,3,2,3,3,3,11,16,19,30,13,18,29,39,28,24,34,35,43,31,32,32,31,45,53,57,55,48,66,68,67,67,88,80,104,95,95,89,114,110,146,147,153,155,166,180,181,238,224,265,327,287,321,315,325,342,325,419,442,483,468,516,512,544,535,658
2006,4,m,166,8,6,7,3,3,2,4,1,5,4,4,2,6,8,11,3,21,16,24,31,28,33,26,24,23,24,35,28,31,31,25,40,34,45,57,45,53,54,72,66,67,77,79,73,90,86,95,132,94,130,107,130,160,169,183,190,242,257,286,261,282,315,292,337,336,395,408,448,488,462,545,550,566,587
2006,5,m,138,10,8,4,1,4,2,3,8,3,4,7,2,4,11,5,8,15,24,17,17,13,16,26,20,22,16,16,19,31,21,24,33,28,31,38,37,46,54,55,45,58,60,52,91,68,98,80,92,93,92,121,114,138,156,171,204,224,258,277,245,293,316,343,315,354,368,399,415,437,437,511,496,600,617
2006,6,m,127,9,6,2,6,4,0,1,2,3,7,2,4,10,2,4,12,17,19,19,22,8,19,18,24,18,25,15,16,29,16,31,29,25,22,49,34,30,46,38,59,58,64,54,61,70,85,79,92,86,113,119,124,129,127,127,173,211,239,248,211,286,262,296,300,308,321,344,427,416,466,461,502,536,624
2006,7,m,118,7,0,3,5,3,4,1,3,3,4,6,7,8,4,3,6,19,12,22,21,25,19,13,16,14,17,26,18,15,22,25,27,25,22,26,28,30,33,37,49,41,45,51,53,72,63,64,86,86,105,82,98,136,110,135,162,182,219,253,241,269,277,271,266,280,330,360,387,372,432,439,477,538,559
2006,8,m,108,7,9,5,3,2,2,1,5,7,4,1,0,3,1,5,12,21,15,15,11,10,20,18,12,23,19,21,9,23,21,18,12,27,24,26,26,23,37,37,34,33,37,44,55,62,46,67,64,71,61,95,106,100,130,136,156,170,200,219,240,239,261,295,246,296,290,326,372,361,399,461,500,516,573
2006,9,m,111,8,5,3,2,2,5,3,3,3,3,2,3,5,6,3,15,14,16,16,11,17,14,13,13,15,11,24,16,8,20,17,17,18,33,21,43,26,23,42,39,41,37,43,57,44,57,68,73,75,79,85,78,99,116,119,143,174,178,234,235,216,260,274,251,229,273,301,321,351,405,458,478,459,506
2006,10,m,86,8,3,3,3,1,2,3,4,1,3,3,7,4,5,3,10,11,12,12,7,9,5,13,12,15,12,13,14,12,15,21,21,15,16,16,18,22,22,21,31,32,37,43,45,43,41,54,53,54,64,80,77,85,108,109,133,134,183,176,186,201,217,204,210,228,239,244,306,318,369,405,428,441,486
2007,1,m,371,30,16,12,6,6,7,7,9,11,3,4,7,14,10,14,18,20,24,29,27,33,38,44,41,41,50,52,51,51,55,62,62,81,87,91,80,85,94,119,131,130,146,123,157,146,162,162,176,187,196,195,236,231,269,278,312,318,384,371,388,403,464,442,478,475,484,501,611,601,615,575,658,693,726
2007,2,m,262,16,13,5,8,7,2,6,5,1,3,5,4,9,9,9,16,20,17,32,34,43,38,30,35,43,34,31,42,46,50,48,46,52,54,70,71,81,70,83,100,95,109,99,99,111,124,116,151,135,170,164,159,208,197,222,249,236,299,303,323,356,362,350,434,398,407,438,449,504,525,525,581,582,659
2007,3,m,269,18,8,7,1,3,8,2,2,6,2,5,3,2,8,9,11,16,22,21,20,28,20,24,24,28,31,33,37,23,27,34,42,52,50,61,72,58,63,71,64,79,94,105,91,128,108,104,117,135,119,139,141,172,185,168,201,213,257,277,313,305,320,325,325,361,336,414,439,466,442,490,567,545,605
2007,4,m,179,17,15,8,7,2,0,3,5,1,1,4,3,4,4,9,12,16,24,20,24,28,31,13,29,27,34,30,38,25,34,25,54,35,39,47,51,51,54,54,61,64,74,74,82,99,99,104,95,133,109,133,142,151,183,192,190,181,228,250,294,295,292,323,341,323,376,372,392,499,447,534,493,508,605
2007,5,m,147,12,6,5,8,5,7,2,3,4,3,1,6,2,8,13,11,21,11,25,20,17,21,25,29,25,21,22,29,21,32,29,29,23,31,24,58,50,53,51,59,58,57,68,81,72,77,90,90,78,91,116,118,168,142,181,180,187,251,254,309,264,316,321,354,333,337,365,420,465,435,480,506,531,564
2007,6,m,129,14,7,6,4,1,2,3,6,2,3,4,2,3,4,5,9,15,21,10,25,19,17,25,22,15,22,19,21,24,20,30,32,27,31,32,24,31,35,41,44,42,61,67,62,63,61,64,92,102,82,85,115,116,133,156,165,193,207,269,276,257,278,297,320,307,326,365,402,438,466,512,517,534,607
2007,7,m,96,5,8,1,2,0,2,1,3,0,2,3,4,7,3,9,7,11,17,22,23,22,21,19,19,11,14,16,23,20,16,22,16,21,31,38,29,27,34,32,37,51,55,43,56,58,69,77,74,90,79,97,102,113,116,156,156,180,185,243,256,273,295,296,289,323,309,345,421,422,429,454,496,547,560
2007,8,m,132,13,4,2,2,1,3,2,3,1,1,4,5,2,3,6,5,13,15,13,16,16,18,16,16,20,12,16,13,14,19,17,24,17,27,21,34,22,37,37,27,26,53,44,51,47,67,56,60,74,88,84,82,122,102,127,157,152,196,235,265,211,244,275,246,301,279,321,377,364,413,419,437,474,535
2007,9,m,87,5,7,3,2,4,3,1,2,4,0,5,1,6,6,7,12,12,18,10,15,16,10,13,13,14,13,17,16,12,13,17,24,23,22,25,18,25,32,41,46,33,50,52,39,57,55,69,51,58,71,76,78,102,105,119,147,165,167,213,233,222,251,268,272,261,274,309,333,340,376,403,452,466,473
2007,10,m,79,4,7,3,4,4,2,1,1,3,1,0,3,4,5,4,7,18,9,16,11,10,13,11,12,9,17,5,15,10,8,8,12,19,11,16,16,22,16,34,26,33,43,44,38,39,33,44,59,52,71,70,78,74,107,117,115,127,157,192,194,193,183,235,248,253,229,244,283,361,324,392,437,428,473
2008,1,m,393,27,13,12,6,8,5,4,5,4,10,4,3,5,12,10,25,27,24,29,35,42,28,46,47,34,50,52,54,53,74,53,66,76,82,85,99,99,134,96,121,133,165,149,152,144,201,195,180,215,225,211,242,245,255,257,275,320,328,389,410,479,422,443,462,473,493,465,577,582,634,693,679,673,684
2008,2,m,292,13,10,6,3,5,5,4,5,4,5,3,5,3,6,12,15,17,24,23,38,20,41,34,25,34,33,38,54,37,31,32,45,55,57,80,64,59,88,72,87,100,93,94,114,122,117,125,141,162,159,170,167,192,190,235,249,263,266,298,332,376,339,387,392,423,394,420,463,545,534,565,567,626,628
2008,3,m,256,15,7,5,5,7,3,6,6,4,3,2,4,5,5,9,9,21,24,24,30,19,27,26,32,30,43,37,30,36,38,45,39,46,53,60,68,68,58,68,81,87,73,102,104,108,106,128,120,143,151,158,171,139,197,196,209,226,240,287,304,341,314,355,393,363,362,354,420,458,495,483,529,584,559
2008,4,m,186,15,7,7,6,5,5,3,2,3,5,5,4,5,3,7,5,18,17,16,30,19,26,23,27,21,26,23,33,30,25,27,25,44,35,40,48,61,66,60,65,85,75,96,85,97,105,94,93,104,108,126,113,122,160,172,193,191,214,244,286,318,269,351,338,344,362,403,432,467,494,517,511,564,542
2008,5,m,139,9,4,2,4,5,1,1,0,1,2,2,6,4,1,5,9,15,25,23,20,25,20,21,26,23,33,23,24,25,25,26,24,33,32,50,33,41,53,38,48,63,66,66,68,82,83,92,103,100,116,109,127,126,147,166,163,212,210,213,278,307,302,319,334,332,345,339,416,441,463,447,523,570,593
2008,6,m,128,6,7,6,2,3,2,0,1,2,3,1,2,5,3,9,13,15,20,19,17,28,15,27,15,20,20,17,19,26,23,19,21,35,37,31,35,39,47,44,46,47,48,70,67,81,67,82,88,87,103,108,87,107,135,166,151,164,172,250,282,295,295,310,311,332,342,310,399,414,425,469,519,561,573
2008,7,m,107,5,5,4,1,2,0,3,4,2,3,5,2,1,6,3,5,15,18,15,23,18,19,12,20,19,20,16,19,19,18,27,21,27,25,25,23,26,30,49,61,52,49,60,54,57,67,70,78,68,94,104,103,103,123,146,134,157,176,210,239,289,270,302,333,318,286,337,370,403,421,441,528,536,552
2008,8,m,125,5,3,6,6,3,2,2,3,3,1,2,4,6,2,3,12,11,10,23,20,18,16,18,21,12,17,14,16,20,16,16,13,15,22,45,23,24,36,39,37,42,42,43,43,62,69,76,81,73,95,91,99,100,100,126,128,155,184,190,267,267,262,258,279,307,311,323,366,378,419,469,465,503,493
2008,9,m,99,9,2,1,3,2,2,4,1,2,1,3,1,3,3,6,9,14,10,15,15,8,20,24,18,15,12,16,16,10,13,19,17,12,34,30,28,23,33,33,30,35,38,49,50,63,51,68,53,70,71,77,74,112,98,104,136,144,131,183,211,245,229,251,279,270,283,287,322,389,427,425,420,515,470
2008,10,m,85,8,2,4,3,6,3,2,6,2,3,2,0,0,5,4,13,9,10,15,17,9,11,11,7,10,11,19,11,8,12,16,8,12,17,24,21,25,21,44,28,38,32,39,44,48,45,71,65,61,74,66,76,99,105,100,113,115,140,154,183,240,198,229,233,247,241,222,266,290,323,383,426,432,412
2009,1,m,338,22,15,5,4,13,4,4,5,4,2,7,2,10,6,10,15,19,26,24,29,42,32,46,49,44,54,41,54,51,65,46,64,53,75,83,86,98,107,109,141,141,141,148,181,141,157,166,158,199,181,227,234,254,243,284,293,311,331,362,416,440,460,401,456,456,458,486,533,594,561,634,671,645,679
2009,2,m,247,11,13,3,6,7,4,2,6,2,1,4,2,5,3,15,9,22,29,23,27,32,24,30,32,35,33,45,48,45,56,42,40,35,71,62,66,77,86,108,104,100,114,101,128,135,129,122,151,143,167,172,195,152,197,239,239,223,260,271,312,379,348,355,367,344,393,405,447,483,525,549,585,582,627
2009,3,m,227,11,6,7,3,3,3,1,4,3,4,3,6,7,5,9,17,15,18,23,27,26,22,27,30,27,43,31,36,39,33,31,39,37,48,52,46,56,68,67,86,78,95,91,108,115,111,103,122,139,130,151,143,182,172,169,204,201,255,285,281,318,358,338,318,379,389,377,425,431,468,511,500,579,630
2009,4,m,210,12,2,1,2,2,8,4,3,1,3,3,2,1,7,10,12,14,15,17,21,27,21,24,17,24,26,23,26,24,34,26,22,32,27,52,57,48,51,56,64,68,71,68,79,88,108,92,102,118,103,142,142,141,147,181,181,179,213,233,270,286,351,331,311,329,380,363,382,430,435,489,489,552,560
2009,5,m,161,9,6,3,3,2,2,0,4,4,6,1,3,6,3,7,3,17,17,22,18,18,19,20,23,24,22,26,27,26,23,17,24,29,34,55,33,44,49,55,68,64,59,72,69,95,93,108,100,103,110,104,86,144,126,160,174,202,207,218,292,296,326,298,324,367,348,378,345,412,410,459,505,517,548
2009,6,m,137,8,7,1,4,4,1,4,1,2,2,4,4,6,6,6,7,18,18,13,19,13,21,14,16,19,18,15,20,21,25,22,23,29,17,25,34,31,48,47,42,49,43,73,74,83,78,75,76,86,94,113,107,128,134,137,160,165,208,216,225,271,332,273,315,341,366,324,344,406,404,480,488,560,552
2009,7,m,113,6,6,3,2,2,0,3,3,1,3,2,4,2,6,10,9,14,19,11,15,16,16,13,17,17,18,19,20,21,13,15,24,27,27,33,29,26,31,41,52,42,59,64,56,68,91,84,74,72,77,89,105,116,105,152,146,173,176,210,253,275,294,296,327,336,377,307,312,377,369,478,500,523,554
2009,8,m,105,5,0,2,3,2,1,1,1,1,0,2,1,3,4,8,6,10,13,23,14,13,15,13,8,24,16,11,20,17,19,17,18,25,19,29,25,38,37,36,35,44,54,59,51,68,65,59,81,49,66,90,95,98,103,124,139,155,154,197,202,246,271,245,308,287,317,298,333,376,418,443,482,494,526
2009,9,m,111,13,2,3,3,2,1,1,4,2,6,2,2,3,4,5,6,18,12,23,13,16,12,15,16,10,18,12,9,13,18,20,21,14,22,13,25,26,33,31,31,52,49,50,44,52,56,65,74,60,82,79,94,89,85,117,115,135,162,180,196,236,274,240,267,319,284,338,294,339,384,373,456,462,473
2009,10,m,92,5,1,7,1,1,3,2,2,1,0,2,6,2,3,7,5,9,18,15,10,19,13,10,11,8,13,8,15,11,18,8,13,15,13,11,21,30,26,25,26,23,39,37,34,38,51,55,51,68,68,79,83,80,96,88,116,107,134,151,170,212,222,227,251,218,261,252,274,289,352,373,421,418,419
2010,1,m,332,18,11,11,9,4,7,5,6,5,4,3,5,8,5,8,11,16,24,22,26,25,27,35,38,40,34,37,46,47,55,54,70,48,56,66,71,82,108,112,120,118,133,135,157,182,176,159,170,195,195,207,221,223,237,251,303,336,304,325,401,395,432,498,454,460,470,473,533,533,536,609,683,664,654
2010,2,m,239,22,9,2,5,2,6,3,5,6,1,5,6,3,3,9,8,15,29,14,27,30,27,34,27,33,37,40,31,47,50,41,40,46,55,60,46,56,87,90,82,89,99,95,108,142,120,130,137,171,167,166,186,167,179,213,231,254,250,260,307,315,378,431,396,373,425,439,427,462,483,470,516,571,599
2010,3,m,230,9,10,13,3,3,3,1,5,3,2,3,1,4,2,6,8,14,17,17,23,25,20,21,31,29,31,30,30,31,40,42,40,34,41,46,44,56,56,70,69,82,74,83,107,100,115,111,116,122,125,130,155,151,173,185,221,199,240,269,259,309,356,386,364,338,382,397,403,433,419,536,548,556,553
2010,4,m,173,8,4,6,3,4,1,2,2,3,2,3,5,2,6,8,7,11,15,10,30,33,26,28,24,20,22,20,29,41,20,30,28,30,31,26,43,53,67,48,68,72,54,86,91,90,106,95,114,118,103,138,160,150,154,163,202,193,199,220,276,290,322,405,326,356,378,379,393,389,467,478,553,588,607
2010,5,m,134,13,6,2,5,8,2,3,1,4,3,2,2,3,6,6,10,13,12,11,15,16,28,21,19,16,21,25,19,25,22,25,29,29,31,32,37,43,39,41,52,60,68,71,82,100,85,82,113,107,105,125,117,143,137,153,181,185,195,208,224,299,309,344,309,344,376,385,396,360,474,473,510,544,559
2010,6,m,151,9,9,3,1,3,3,0,2,4,5,7,2,1,2,4,4,13,17,19,18,14,16,19,19,21,21,23,15,23,23,19,31,20,31,24,26,33,45,49,46,52,58,44,77,74,72,86,88,93,98,90,119,140,141,125,169,157,189,216,223,238,313,355,309,357,358,392,364,389,440,439,489,540,571
2010,7,m,94,13,4,2,2,2,0,1,5,2,3,1,2,5,4,3,6,10,15,14,7,25,14,19,14,13,16,15,17,22,22,22,21,21,21,18,27,27,31,36,41,48,37,51,81,74,65,66,68,82,76,102,104,103,116,107,121,155,168,188,209,256,303,327,300,336,362,388,324,419,410,443,482,530,577
2010,8,m,119,12,6,6,4,1,2,1,1,2,3,2,5,2,3,3,4,7,14,12,10,13,14,16,10,20,14,16,9,11,23,12,15,24,25,19,17,25,30,40,39,27,41,52,61,57,61,72,86,67,82,102,114,104,118,108,156,123,172,170,218,240,281,284,271,305,370,327,352,354,393,453,478,488,513
2010,9,m,92,3,6,3,2,1,2,2,1,3,2,2,5,3,6,5,5,10,15,16,11,15,15,8,15,13,9,8,14,18,20,17,14,16,15,18,25,22,23,38,40,36,53,50,48,38,41,59,47,56,87,81,118,80,92,131,113,147,135,144,206,197,254,297,256,272,294,296,335,306,364,375,434,476,479
2010,10,m,60,9,0,1,1,2,2,2,0,1,0,3,2,2,2,1,9,6,8,9,11,10,8,13,13,5,7,10,10,5,6,16,13,9,15,15,20,24,25,34,29,33,38,38,57,48,42,64,66,46,57,77,68,82,83,100,110,117,126,153,164,199,222,270,275,257,292,279,281,260,315,383,412,433,448
2011,1,m,349,31,12,12,7,7,9,1,5,3,7,5,3,2,10,8,8,18,26,23,38,29,33,33,32,44,37,47,41,45,58,59,43,53,63,61,67,85,86,101,116,126,146,128,164,164,191,150,193,191,173,205,237,226,257,227,259,314,317,328,348,379,402,466,493,442,510,503,525,516,555,610,670,592,688
2011,2,m,290,15,11,3,5,9,5,4,4,8,2,2,5,3,6,7,11,12,11,9,18,32,32,26,23,39,26,30,37,31,47,30,55,36,44,43,56,62,53,74,71,98,117,99,103,101,140,128,133,127,154,177,178,181,182,211,202,221,282,240,260,307,338,387,425,371,417,423,424,416,460,543,532,540,597
2011,3,m,245,13,5,3,2,4,0,4,3,5,2,1,6,0,3,7,6,9,12,19,26,21,21,18,23,23,20,25,36,31,34,36,25,43,36,39,48,52,63,58,66,63,98,96,95,108,105,130,137,125,130,150,136,168,177,197,218,216,224,216,271,296,304,337,443,357,361,371,369,425,452,484,508,512,574
2011,4,m,189,7,7,5,2,4,1,3,4,1,2,2,0,3,5,4,9,10,13,13,16,21,20,28,26,16,20,15,32,32,34,24,30,36,33,36,46,42,55,45,63,49,69,75,82,100,92,87,119,111,109,134,153,164,167,151,195,185,216,232,266,274,288,342,372,319,384,397,411,369,409,507,500,539,555
2011,5,m,161,8,11,2,1,2,2,8,3,3,2,3,3,5,3,2,3,11,8,11,21,14,21,14,13,19,17,16,25,21,21,23,26,25,18,28,36,30,46,38,56,53,67,57,67,68,75,89,97,87,106,101,114,162,140,161,170,191,189,203,226,245,298,315,381,333,343,411,388,387,440,441,489,526,545
2011,6,m,139,21,6,4,3,4,1,2,1,2,2,1,1,2,5,3,11,7,15,15,17,9,18,10,5,11,18,16,20,22,16,25,20,25,34,21,34,40,40,38,41,41,50,60,74,59,66,60,74,93,87,90,116,117,119,143,147,167,193,175,224,223,269,310,383,323,367,400,371,386,400,435,519,540,574
2011,7,m,110,6,7,3,3,2,3,1,2,2,1,2,4,4,5,4,9,7,12,11,15,16,9,14,11,14,26,11,17,19,13,21,15,18,28,36,22,34,36,32,31,43,50,43,63,66,78,73,69,93,110,94,124,120,118,118,146,151,146,179,200,210,272,356,343,330,342,358,419,358,420,437,472,523,500
2011,8,m,96,5,3,1,4,0,2,1,1,4,1,3,7,2,1,5,6,12,17,8,13,12,12,12,9,18,7,15,8,12,15,16,10,14,26,17,13,28,30,36,43,36,41,52,58,68,57,51,68,81,78,79,90,103,95,122,117,133,165,167,191,203,231,291,308,321,323,368,368,318,367,429,451,498,572
2011,9,m,95,3,4,3,7,1,3,2,3,2,3,2,2,4,2,6,9,10,10,15,8,12,10,9,11,17,17,10,12,12,16,22,17,10,9,18,24,27,24,25,33,36,27,39,49,55,59,57,62,71,65,67,88,107,84,113,117,116,144,162,175,196,247,273,300,274,344,319,328,304,340,411,443,457,525
2011,10,m,70,6,2,2,2,2,1,0,2,2,2,2,3,2,1,6,7,9,4,13,8,11,13,8,12,9,9,6,10,12,8,14,12,11,11,10,21,21,20,30,22,30,27,25,37,39,37,43,65,65,60,70,95,83,86,90,108,114,143,136,139,159,200,221,276,256,273,268,267,323,284,324,345,418,446
2012,1,m,348,18,10,9,5,7,3,3,7,2,2,3,8,5,5,11,8,16,25,19,22,33,18,32,29,32,42,37,41,38,60,59,50,60,49,55,63,84,62,86,102,117,127,160,151,138,147,198,199,215,219,205,195,228,240,244,258,251,326,304,322,375,426,421,487,520,469,500,523,488,543,551,595,619,643
2012,2,m,271,18,6,9,6,7,3,2,2,2,4,4,3,4,6,5,10,15,21,18,32,25,28,21,25,26,27,31,33,34,33,35,34,43,44,50,51,44,74,78,94,96,79,98,98,113,120,116,139,138,179,177,158,166,179,194,212,240,229,258,288,319,331,349,429,468,390,423,450,477,440,481,480,537,590
2012,3,m,205,15,6,3,3,2,3,3,7,5,3,1,2,5,2,6,7,12,15,22,15,14,23,19,26,20,27,23,33,35,39,39,48,29,29,38,42,53,52,58,75,70,80,92,88,116,119,123,118,127,132,142,131,139,188,188,195,212,222,237,239,280,279,325,353,437,384,405,397,463,415,469,480,539,578
2012,4,m,169,11,6,2,2,4,4,3,0,3,4,4,7,3,2,3,5,6,15,12,19,9,15,20,20,29,24,22,21,21,30,32,24,27,26,25,24,38,45,41,69,50,61,60,85,84,87,103,105,109,117,120,124,161,141,166,174,175,188,213,261,266,290,296,358,428,355,383,422,427,473,449,533,564,592
2012,5,m,139,10,10,2,9,4,3,1,4,5,1,3,4,0,4,2,8,12,15,15,16,14,25,11,14,23,21,15,24,26,17,18,23,27,30,28,29,32,42,40,41,49,55,72,66,59,81,91,83,100,92,128,105,126,144,160,158,173,171,205,217,239,262,314,362,397,349,432,424,440,421,473,514,576,556
2012,6,m,135,13,7,1,4,2,4,3,3,0,2,4,3,3,4,4,3,4,15,15,6,20,19,22,14,12,11,15,13,20,19,26,16,21,26,33,26,25,25,33,39,44,42,40,74,77,82,70,77,87,88,104,122,142,126,123,135,153,162,192,212,228,241,307,356,412,380,394,372,462,425,398,512,510,564
2012,7,m,93,9,4,5,2,3,2,4,2,4,2,7,0,5,1,2,7,12,11,13,14,12,11,15,13,15,11,12,13,18,19,24,14,28,15,18,29,38,24,40,27,43,40,55,62,64,52,73,78,94,85,94,112,97,115,93,146,141,173,179,192,217,241,282,338,373,311,369,367,432,384,444,501,469,556
2012,8,m,92,8,7,0,2,3,3,0,2,2,5,3,2,4,1,5,5,9,20,14,13,13,11,22,12,10,14,10,19,14,13,12,19,13,16,17,15,19,23,24,42,35,35,35,50,58,65,64,76,70,71,76,86,116,113,119,133,131,167,175,135,209,246,235,282,319,339,356,379,389,365,355,424,512,507
2012,9,m,90,7,3,6,3,2,2,3,1,0,4,2,1,3,9,4,4,11,21,13,12,14,11,9,6,7,8,13,14,13,12,17,15,19,10,17,18,15,20,21,35,39,27,42,53,52,50,68,59,63,80,61,92,93,93,111,105,124,129,185,170,211,220,228,284,297,294,343,337,371,372,372,419,424,505
2012,10,m,89,5,2,0,3,1,3,1,3,0,0,2,2,2,1,4,2,8,8,7,9,4,9,19,8,6,10,12,4,10,10,9,3,18,9,15,9,16,17,26,28,18,25,34,29,36,45,47,49,54,56,65,76,85,96,100,89,111,97,130,145,149,164,235,250,289,258,302,302,328,314,312,397,417,458
2013,1,m,300,14,14,6,10,4,4,6,1,5,5,3,3,8,6,8,11,14,21,25,17,18,24,20,24,34,36,38,47,43,50,43,56,62,55,56,69,84,100,107,94,107,136,143,155,172,150,146,214,201,203,224,196,247,258,237,259,292,320,340,381,367,378,443,478,508,561,456,498,543,543,506,558,639,678
2013,2,m,237,16,5,4,3,3,5,7,4,2,1,3,2,0,5,10,9,13,11,19,16,17,16,23,36,33,26,32,30,35,40,38,35,47,56,46,38,58,60,64,77,80,104,97,93,119,122,139,140,154,157,148,181,154,199,200,213,251,242,274,292,311,363,358,359,475,482,464,442,464,448,466,505,532,565
2013,3,m,188,26,12,2,6,5,3,5,2,4,3,1,2,3,6,6,10,12,9,19,13,16,20,15,22,22,21,32,27,32,30,50,30,34,42,44,51,64,56,64,68,79,89,90,85,96,107,121,116,124,134,146,152,159,156,155,176,202,229,285,273,274,326,304,331,381,432,368,426,443,456,420,493,481,543
2013,4,m,177,7,10,2,1,4,2,0,0,3,3,0,5,2,1,3,8,5,14,23,21,18,21,30,22,29,30,33,21,44,24,23,38,32,32,38,30,44,28,55,59,79,74,66,67,94,96,93,99,117,124,138,161,172,148,188,176,190,198,230,250,242,274,321,365,385,440,367,410,451,490,451,488,588,572
2013,5,m,124,10,3,6,4,7,1,6,1,2,2,6,2,1,4,6,3,6,11,10,15,16,19,20,18,21,20,22,11,20,19,31,29,26,32,31,40,36,46,46,36,47,62,65,67,82,83,71,100,105,114,112,110,136,151,138,148,161,157,205,224,249,275,309,333,380,443,400,444,448,439,458,493,519,608
2013,6,m,112,11,0,2,4,1,2,3,3,0,1,2,4,4,2,4,6,8,14,16,17,11,14,13,22,17,13,21,18,11,18,24,26,20,24,23,27,25,35,36,46,50,51,61,56,75,79,77,76,94,98,97,108,125,148,134,158,163,188,192,232,230,291,298,324,378,417,407,368,433,496,448,438,510,586
2013,7,m,101,11,5,9,1,1,3,1,3,2,2,1,1,4,6,5,8,7,13,6,12,13,14,21,13,21,12,12,15,15,18,27,26,24,15,17,23,16,29,31,46,32,55,33,62,65,67,72,81,105,68,105,107,105,124,129,127,178,151,175,181,204,234,248,316,324,408,339,407,444,452,423,464,514,532
2013,8,m,104,9,4,2,3,3,3,1,1,1,2,0,4,4,2,3,10,12,16,9,15,19,6,13,12,9,12,15,15,10,11,16,17,23,21,19,27,23,35,32,33,48,41,49,57,60,66,87,51,80,83,122,95,90,87,110,140,133,150,149,188,190,218,235,294,349,389,338,342,420,454,420,422,509,511
2013,9,m,82,1,6,4,2,3,1,3,2,2,3,2,7,3,2,2,2,9,8,16,10,10,6,16,10,13,18,10,6,15,15,17,22,12,19,27,18,20,17,21,21,35,31,37,51,44,39,64,58,71,84,75,98,91,122,124,129,123,114,164,170,182,174,206,270,331,391,298,344,368,392,393,398,461,512
2013,10,m,78,8,3,1,2,2,0,2,2,2,3,1,2,3,5,1,5,6,13,14,9,13,12,14,6,6,14,7,6,7,8,11,9,14,10,9,12,21,22,23,26,27,27,39,34,37,45,42,50,58,64,80,72,87,97,78,100,129,126,148,135,148,182,191,245,263,315,294,315,361,365,341,364,413,477
2014,1,m,300,27,7,13,3,6,6,3,4,5,3,1,5,5,5,4,13,11,20,23,33,15,22,36,42,33,42,35,43,52,57,47,59,64,51,76,65,73,100,109,106,115,123,147,151,192,180,176,171,225,233,226,237,262,266,284,271,306,318,348,349,383,398,422,468,491,522,552,469,503,552,596,613,546,662
2014,2,m,206,19,8,7,4,4,2,6,3,4,7,6,5,8,8,5,9,21,13,19,14,28,26,33,35,23,39,52,27,39,39,32,32,36,47,54,44,52,65,70,81,93,65,112,102,142,134,143,159,152,163,168,176,185,183,217,221,224,248,288,281,300,337,339,394,406,449,489,451,460,457,488,527,501,586
2014,3,m,160,15,11,9,3,4,8,5,2,3,4,4,6,3,4,4,8,9,18,15,22,23,20,27,26,17,39,30,30,29,39,43,35,42,48,43,48,38,67,48,73,74,80,81,83,98,110,135,113,140,135,163,176,172,196,185,176,211,215,241,251,289,286,309,377,377,418,479,443,443,490,464,485,512,547
2014,4,m,152,17,5,4,2,2,1,5,2,2,4,5,5,4,4,4,8,10,16,20,13,17,15,19,22,15,20,23,19,30,27,33,29,30,32,36,31,33,48,49,61,71,57,69,76,89,96,101,101,121,123,143,123,143,143,171,199,187,227,230,244,243,282,293,310,363,440,448,424,468,482,493,484,497,524
2014,5,m,134,6,7,7,1,2,4,3,1,4,3,1,1,5,4,5,6,11,10,15,20,17,20,22,17,22,18,21,23,15,27,23,30,21,34,27,29,33,40,32,38,56,45,60,77,80,89,74,100,111,117,127,116,131,158,143,154,165,182,188,205,244,262,290,302,370,411,477,402,481,520,498,500,511,582
2014,6,m,106,9,4,1,1,4,3,4,2,2,2,2,3,2,2,7,5,6,15,19,12,16,13,15,13,21,26,14,27,15,23,17,28,23,38,37,30,39,35,34,36,52,51,47,55,65,65,85,90,85,86,93,116,124,112,136,150,175,187,182,204,222,243,278,283,318,396,473,408,459,443,465,488,471,538
2014,7,m,92,3,5,3,2,2,3,3,3,2,1,3,0,2,4,4,10,6,10,10,13,19,16,20,11,12,16,15,23,21,20,23,22,23,30,26,30,21,22,23,45,39,41,51,50,53,51,55,63,76,77,118,86,96,123,130,126,144,167,157,192,225,252,259,313,306,327,430,400,395,424,481,483,457,552
2014,8,m,88,13,2,3,2,1,1,0,0,5,2,2,3,1,4,5,4,7,22,8,11,12,10,17,6,10,19,14,15,20,18,14,16,23,20,19,21,21,33,28,26,27,43,44,44,58,60,64,64,72,78,88,103,106,108,114,128,125,153,176,173,197,206,226,258,302,343,445,401,417,460,461,444,457,532
2014,9,m,74,11,5,1,7,2,5,0,2,4,5,2,2,2,4,1,5,7,7,10,12,10,9,11,16,8,14,14,10,12,15,15,10,19,12,20,17,11,20,27,36,34,28,30,48,49,69,57,66,65,53,94,94,101,99,116,108,118,147,149,176,156,183,209,267,301,318,413,365,372,409,455,422,425,529
2014,10,m,59,6,1,0,2,3,2,0,3,4,3,1,2,2,1,6,4,3,6,13,10,11,13,13,9,4,10,5,11,11,14,15,10,10,13,11,8,18,14,23,17,25,28,31,35,43,31,51,46,69,73,74,82,89,97,96,92,98,136,133,147,151,185,198,215,236,287,352,294,332,375,385,383,356,429
2015,1,m,306,18,9,9,9,4,5,4,3,5,6,3,6,7,6,7,7,13,18,20,19,17,27,31,34,42,42,29,40,39,51,34,53,72,74,75,82,80,79,82,110,126,127,126,138,157,167,194,190,188,250,202,227,245,279,283,282,280,295,345,355,387,432,418,474,501,534,561,625,545,523,578,590,629,612
2015,2,m,235,16,8,7,8,4,7,8,5,7,7,5,1,4,1,7,6,7,22,16,22,22,35,31,39,39,32,22,40,32,37,41,58,40,52,53,66,52,66,68,68,77,89,108,110,108,142,155,133,171,216,195,187,198,211,250,244,259,257,257,307,318,337,361,388,369,417,485,536,463,510,511,554,521,593
2015,3,m,198,7,11,4,5,5,4,3,3,4,5,4,1,6,1,5,6,10,13,18,28,28,25,24,24,33,13,35,25,44,35,34,43,36,48,45,51,54,60,57,58,52,88,79,92,93,100,139,147,146,163,180,182,167,193,219,213,230,256,216,252,261,318,360,346,420,393,465,528,455,441,538,578,533,540
2015,4,m,164,6,7,5,3,4,1,3,1,1,3,4,0,3,4,7,6,12,11,16,9,20,13,23,28,29,19,23,31,22,17,39,37,39,37,32,35,39,48,51,58,72,72,57,85,71,79,120,104,129,135,135,133,154,169,174,169,213,209,241,265,247,271,303,322,390,358,464,509,453,487,561,545,533,539
2015,5,m,124,7,5,2,2,3,4,5,0,3,5,2,3,2,3,6,7,8,15,20,15,12,16,14,18,24,17,25,22,22,16,23,34,28,29,46,25,35,35,35,57,55,45,50,66,69,72,83,99,115,112,110,119,158,136,163,189,208,192,199,212,257,241,287,325,334,400,446,523,467,476,526,507,542,555
2015,6,m,102,11,6,5,3,2,2,3,3,0,1,1,2,1,2,8,7,12,8,13,15,18,11,19,14,14,21,17,26,14,20,19,22,19,24,32,37,15,34,27,38,41,55,54,70,73,81,71,75,90,108,113,112,141,115,118,170,171,194,176,199,226,243,271,308,312,401,428,505,412,503,528,558,496,557
2015,7,m,112,13,5,6,3,0,1,2,4,3,0,2,3,1,8,3,9,10,8,12,13,16,7,15,14,21,17,20,11,12,17,12,26,18,16,20,20,26,26,31,30,31,37,55,58,52,62,69,69,87,94,101,118,113,119,133,142,171,152,161,213,221,222,253,276,305,347,409,446,406,437,477,494,493,515
2015,8,m,102,8,1,5,3,2,3,1,2,1,4,4,1,3,1,5,5,8,11,14,16,7,16,16,13,13,8,19,14,8,14,13,20,16,29,19,28,17,18,31,27,29,46,42,49,55,51,66,61,81,96,78,92,87,100,118,155,138,149,145,179,206,201,230,285,302,319,392,442,403,458,479,503,447,514
2015,9,m,75,7,2,2,1,1,2,3,0,2,3,4,6,1,2,5,6,4,13,13,10,11,13,16,13,10,8,8,12,12,15,12,20,20,11,15,19,24,18,17,22,30,38,32,40,47,48,51,51,64,90,80,95,78,101,105,130,142,132,145,141,191,174,219,237,256,311,379,462,386,440,460,440,457,483
2015,10,m,72,6,3,1,4,1,1,1,1,1,1,5,4,1,2,4,2,8,7,13,12,16,5,8,13,11,7,11,9,9,6,8,13,11,11,12,21,15,18,17,23,21,25,42,32,41,44,42,49,66,70,74,65,93,83,95,100,111,110,113,158,148,155,184,209,211,271,305,363,364,394,425,423,404,412
2016,1,m,311,13,10,13,8,5,3,4,2,5,1,4,7,2,13,10,6,14,13,23,22,29,24,42,34,33,41,40,47,50,51,51,56,69,64,69,95,68,90,85,105,100,120,169,150,142,167,205,207,198,233,213,259,243,231,307,333,316,324,348,375,404,415,448,437,470,561,516,609,670,577,614,592,644,651
2016,2,m,220,9,5,3,5,5,4,5,5,5,4,6,7,2,2,7,9,10,13,16,18,21,25,29,24,30,34,30,37,39,49,55,56,42,52,45,54,38,57,66,67,90,91,104,117,120,134,118,141,179,190,194,197,229,200,243,248,284,279,273,270,314,293,321,381,406,390,490,547,597,496,522,528,573,560
2016,3,m,167,16,8,11,4,4,3,3,1,1,5,2,1,2,5,6,6,11,11,11,20,23,24,25,31,32,30,20,22,28,35,42,47,51,43,58,49,53,45,42,60,67,76,80,100,112,112,105,134,118,157,172,181,184,192,216,219,194,243,236,289,291,305,339,330,372,400,448,533,584,493,521,570,545,528
2016,4,m,154,9,5,4,4,4,4,3,3,4,2,1,3,3,3,4,10,9,14,10,16,15,17,17,16,31,28,24,30,19,31,26,41,30,41,29,45,52,42,37,58,58,60,66,90,82,102,99,112,118,115,158,146,148,162,193,182,177,250,211,258,276,302,323,323,338,380,388,479,535,488,537,581,525,567
2016,5,m,130,14,3,3,1,3,0,0,2,4,1,7,2,3,4,6,4,5,16,16,25,17,23,13,20,17,19,24,22,22,33,25,34,39,37,31,37,29,27,45,31,45,53,72,78,61,71,101,92,103,133,123,126,134,146,179,164,192,182,228,242,227,248,305,315,323,344,422,446,536,488,509,543,529,585
2016,6,m,105,7,2,6,1,2,2,1,1,4,2,2,4,3,4,3,6,7,18,9,16,13,14,16,20,38,19,17,24,20,18,20,23,27,29,28,32,33,34,41,37,36,39,57,66,61,84,102,88,106,92,101,117,133,160,154,161,181,172,208,214,211,247,262,286,349,353,369,481,529,479,513,567,558,544
2016,7,m,107,4,1,0,2,0,0,2,4,2,3,2,3,3,3,2,11,7,4,15,9,12,16,9,13,9,19,15,16,20,24,27,16,24,18,26,25,21,29,31,27,39,40,53,57,67,46,80,69,63,97,92,96,115,131,147,116,149,169,172,177,219,235,255,283,307,330,391,481,495,461,528,557,563,540
2016,8,m,83,10,4,3,3,3,2,3,0,1,3,0,1,5,4,1,3,7,15,13,10,19,18,12,17,10,13,17,16,23,12,15,16,10,18,27,21,29,24,33,27,39,25,46,54,48,56,69,79,96,80,102,101,112,123,104,138,116,161,170,179,171,213,215,255,298,344,303,437,497,459,482,488,556,571
2016,9,m,83,5,4,3,1,5,2,2,1,0,1,2,2,1,2,5,5,9,7,13,14,10,11,15,16,11,9,14,17,7,5,12,22,18,18,22,22,21,19,18,25,26,30,35,49,48,45,64,70,66,95,78,93,101,97,107,115,106,136,139,175,180,189,218,240,243,302,384,374,500,415,483,517,500,480
2016,10,m,73,4,0,1,0,6,1,2,0,0,1,1,1,3,4,4,5,8,9,9,19,16,9,11,11,9,12,12,11,17,11,9,10,9,12,15,20,14,9,18,19,28,18,26,38,37,40,50,45,65,72,71,80,82,86,91,109,103,104,150,151,136,169,207,183,233,263,279,335,418,366,421,416,469,435
2001,1,f,307,28,13,6,9,3,11,7,6,8,2,2,7,3,8,6,11,14,14,12,13,17,7,11,13,23,26,25,24,33,31,24,42,28,42,52,38,51,47,50,51,53,62,72,78,96,80,97,109,107,143,144,124,143,192,172,152,207,207,195,210,261,280,304,323,353,367,426,464,511,530,590,666,706,799
2001,2,f,222,15,7,9,7,5,6,4,6,4,3,10,1,1,7,11,10,5,11,11,11,8,11,17,13,11,13,21,18,15,21,34,27,37,42,48,39,40,37,48,34,55,46,63,55,62,69,92,76,94,89,97,107,135,154,142,125,153,137,149,162,221,230,247,249,278,314,363,386,447,474,527,530,653,684
2001,3,f,168,12,5,12,5,4,3,3,4,5,5,1,3,2,3,3,12,9,10,6,9,16,15,13,10,7,14,11,17,12,10,20,20,21,29,38,45,33,32,39,40,42,52,63,55,63,63,78,75,73,102,98,140,109,146,121,147,138,144,173,163,189,188,236,248,244,285,288,347,404,437,513,504,560,603
2001,4,f,148,5,7,7,2,1,4,3,8,2,1,6,8,1,0,6,10,10,6,4,6,4,9,12,5,11,14,17,12,10,14,26,20,23,26,29,25,31,38,35,44,36,42,56,52,52,66,51,77,83,106,99,95,116,159,111,136,138,148,145,167,174,205,226,233,242,282,266,327,325,401,494,502,542,580
2001,5,f,99,7,9,3,4,2,4,2,2,2,0,6,3,1,3,1,5,11,9,8,17,4,9,5,10,7,9,12,12,12,7,20,23,27,20,21,19,23,34,30,46,38,39,55,39,51,56,47,68,65,91,81,96,113,128,93,154,156,138,140,168,171,175,205,210,240,245,257,278,327,433,419,499,536,567
2001,6,f,95,5,5,5,2,5,2,2,3,0,1,2,5,5,2,5,8,6,10,6,4,7,6,5,8,6,12,10,6,17,14,14,16,18,19,26,33,19,26,20,29,41,38,41,31,35,50,51,53,69,79,93,101,115,122,137,155,134,139,143,157,174,169,201,194,234,251,253,285,321,395,422,476,456,568
2001,7,f,87,9,3,2,4,3,2,2,4,3,2,4,1,6,4,3,3,6,4,3,5,7,8,7,6,9,5,9,5,18,8,9,16,20,15,20,26,23,33,26,22,31,31,42,39,44,36,52,59,50,77,86,102,114,128,111,119,139,140,143,142,163,186,197,191,226,217,243,293,292,379,384,409,459,481
2001,8,f,88,5,4,2,2,6,5,2,2,1,2,4,6,3,3,9,7,6,7,8,6,8,7,11,8,3,4,7,7,8,12,6,18,10,15,25,21,20,36,24,18,43,32,44,39,31,46,57,49,58,65,83,102,114,133,107,143,109,133,138,128,146,167,190,205,210,217,224,255,299,325,383,391,434,444
2001,9,f,68,6,5,3,5,5,2,3,6,5,3,2,0,3,2,2,6,10,3,6,7,9,9,3,6,8,11,4,12,4,14,16,14,6,15,23,25,19,31,28,25,20,24,34,31,40,54,28,51,69,54,73,84,94,127,117,99,124,130,127,114,154,156,189,170,201,175,217,251,248,317,318,380,417,458
2001,10,f,75,6,2,8,1,3,1,3,2,2,0,2,1,3,5,6,3,5,7,6,3,9,8,2,3,5,10,6,4,14,3,9,9,9,16,18,24,24,20,22,31,24,25,29,37,40,48,45,47,55,60,75,76,86,99,107,81,129,107,116,118,138,142,143,166,180,172,186,193,254,282,301,326,362,348
2002,1,f,291,13,5,8,10,10,7,3,1,3,3,5,4,7,12,9,11,14,5,10,11,8,14,11,23,9,30,20,16,22,24,38,34,39,37,42,45,55,48,56,44,48,59,76,68,85,105,110,100,114,103,100,145,141,156,187,180,178,197,196,238,229,253,313,292,318,375,403,418,449,480,611,623,665,691
2002,2,f,189,17,8,3,12,6,4,5,7,3,6,1,4,4,7,4,5,7,13,16,10,11,6,20,12,10,11,15,23,18,30,23,29,29,38,43,34,36,48,49,49,51,48,62,66,75,81,67,84,79,96,98,113,116,172,158,165,127,145,171,183,196,220,243,264,272,317,336,387,360,440,482,572,602,635
2002,3,f,149,6,8,4,2,1,4,4,6,2,5,0,4,3,3,4,10,5,10,10,16,13,9,13,11,17,10,13,11,17,14,25,19,25,29,23,32,42,38,54,42,38,45,47,42,69,71,70,75,94,91,81,100,122,141,164,132,165,138,172,173,174,207,244,278,271,280,299,322,354,407,489,535,592,616
2002,4,f,130,14,8,2,2,3,4,4,3,6,3,3,0,3,5,7,4,12,7,8,7,13,7,9,9,15,6,11,13,14,12,20,19,23,30,25,34,19,36,35,40,34,52,51,66,48,56,50,73,86,66,87,89,114,125,144,146,149,143,138,148,165,173,208,214,243,249,263,336,318,412,494,475,510,605
2002,5,f,113,13,5,3,5,5,1,4,3,3,2,4,2,4,7,1,8,8,10,11,6,10,9,6,10,9,12,9,9,14,12,13,20,15,23,19,21,26,26,24,24,38,38,48,43,45,57,52,66,75,82,86,88,108,115,144,133,140,157,147,144,174,202,205,201,217,263,233,310,327,354,382,466,511,523
2002,6,f,105,8,1,2,2,5,2,2,3,0,6,1,5,5,8,5,6,7,6,8,6,9,9,6,8,11,6,8,7,11,15,17,17,10,16,23,17,24,28,21,31,31,49,49,52,46,52,52,70,64,59,72,112,99,112,128,113,149,171,134,171,156,194,180,191,223,274,275,260,323,334,392,456,500,537
2002,7,f,93,6,4,4,3,2,1,1,2,3,1,2,7,5,6,1,9,6,10,12,9,10,9,7,6,4,11,7,9,10,10,7,18,19,18,19,20,19,25,33,39,30,34,32,48,43,44,58,59,58,75,73,83,89,134,117,111,128,130,143,180,162,182,180,232,219,247,249,274,300,330,422,456,489,475
2002,8,f,69,9,4,3,4,2,3,2,0,0,4,2,3,3,5,2,9,11,2,8,10,3,2,10,4,7,5,7,9,11,6,15,14,12,17,19,19,18,22,21,32,32,34,40,47,50,45,69,62,56,74,94,81,101,113,119,119,116,132,126,133,140,155,177,196,192,203,232,225,285,306,331,415,419,500
2002,9,f,66,4,2,2,2,0,2,3,2,3,2,3,4,4,1,2,7,5,11,5,3,8,6,3,6,11,8,8,10,16,7,11,12,13,14,9,20,21,20,25,24,22,37,28,33,34,52,53,56,52,71,77,66,106,99,149,127,140,120,148,122,132,165,145,206,183,239,227,225,256,289,357,349,380,443
2002,10,f,60,7,3,3,4,3,1,0,0,3,5,1,3,0,4,2,7,5,3,6,1,6,6,5,6,4,5,4,5,5,10,12,6,14,17,10,12,18,28,28,27,30,26,33,42,42,35,39,50,54,52,68,87,90,114,119,115,113,121,144,125,108,138,142,163,158,189,202,214,218,257,295,361,398,407
2003,1,f,329,24,11,10,10,5,2,3,6,2,4,3,6,2,9,5,10,9,12,17,6,20,19,13,18,14,24,14,17,24,33,26,34,35,41,29,43,46,43,53,54,73,55,61,73,78,87,87,104,120,127,126,136,161,152,193,192,156,200,193,215,245,240,274,331,339,341,394,442,430,504,535,655,687,704
2003,2,f,234,23,9,7,7,7,4,4,4,5,3,3,8,2,5,6,5,8,12,12,10,18,11,16,9,16,18,12,20,26,27,21,28,27,49,30,25,41,45,40,54,58,59,57,69,76,79,82,85,96,93,117,100,123,147,166,150,148,188,199,208,193,216,232,269,272,279,329,356,428,432,500,559,620,630
2003,3,f,186,7,7,6,4,6,3,3,4,4,2,1,7,3,2,2,4,4,8,11,14,6,10,10,12,10,12,18,15,13,17,17,19,25,19,40,30,40,55,39,48,36,50,53,50,67,79,83,73,79,87,97,88,127,126,148,167,141,162,182,174,208,173,195,224,277,266,274,341,357,365,437,500,552,585
2003,4,f,125,14,10,4,1,4,4,1,4,0,2,3,4,1,7,4,3,7,4,10,10,3,7,10,10,10,10,10,13,19,17,14,24,14,31,30,30,35,38,42,38,45,61,55,62,46,54,71,71,70,90,76,109,111,111,155,159,125,147,143,189,180,158,188,214,264,258,316,304,359,335,399,488,543,589
2003,5,f,125,6,5,4,2,1,5,1,0,1,6,3,6,9,3,9,7,6,9,9,8,5,5,9,11,4,11,9,15,10,19,18,10,20,19,21,25,26,29,36,48,37,46,44,41,55,50,60,58,69,85,81,102,88,99,143,151,144,154,159,177,171,163,185,202,246,250,266,322,331,363,390,439,499,555
2003,6,f,92,7,7,3,2,3,4,7,3,1,2,3,4,1,7,4,7,6,7,7,7,7,13,11,8,9,10,14,13,12,13,18,19,16,19,18,23,14,29,29,48,29,38,50,56,55,51,50,55,67,64,62,91,98,125,118,147,124,152,163,174,146,172,181,213,242,232,271,288,293,329,387,445,482,536
2003,7,f,88,6,5,7,1,2,1,2,2,4,4,4,3,5,3,5,9,8,5,9,10,3,13,6,8,7,13,6,10,7,13,16,12,13,20,18,20,9,33,21,24,31,30,45,42,36,53,63,61,76,82,86,92,86,109,128,173,126,143,164,163,171,155,205,205,229,245,272,264,281,344,329,375,467,465
2003,8,f,90,7,5,1,4,3,3,1,2,0,2,5,3,4,5,4,3,9,4,6,8,7,9,6,6,7,7,10,10,11,11,17,15,16,14,23,21,18,23,26,27,34,34,29,52,49,46,55,53,52,59,81,74,76,102,125,145,112,126,158,149,140,136,153,202,192,222,237,235,263,302,340,401,411,479
2003,9,f,74,7,3,2,1,4,3,0,2,4,4,3,4,2,3,3,5,5,9,6,9,7,3,7,3,4,3,6,9,8,9,4,9,17,17,13,25,20,24,28,25,27,28,35,42,36,45,55,54,51,59,74,73,91,100,130,134,107,127,144,137,130,130,162,175,213,228,213,235,271,286,317,364,418,466
2003,10,f,67,4,5,5,7,2,2,3,0,7,5,5,5,1,4,4,8,6,8,6,5,6,6,4,2,6,4,7,4,12,9,12,9,15,16,14,23,17,21,25,24,26,22,35,33,29,36,44,52,39,71,59,71,84,105,113,118,114,122,142,140,148,133,164,156,172,176,201,216,231,239,268,329,330,430
2004,1,f,276,20,10,4,0,5,5,7,2,5,5,5,11,6,6,5,14,13,13,13,20,16,19,26,17,22,18,16,14,21,31,20,27,40,28,39,42,54,43,60,54,55,63,75,74,74,79,107,104,108,123,125,118,149,155,157,183,213,202,192,238,254,229,253,297,317,407,383,426,456,452,509,563,625,665
2004,2,f,232,19,12,9,3,5,2,4,3,1,3,4,5,8,2,7,8,4,5,13,13,11,11,12,11,11,19,17,22,16,17,21,15,31,37,33,36,47,56,46,42,49,51,65,67,72,75,68,66,99,94,101,104,100,118,132,168,156,162,172,187,154,204,220,260,287,303,304,370,359,411,425,509,571,599
2004,3,f,178,8,5,6,7,1,8,1,3,2,1,1,5,3,6,9,7,3,8,16,11,16,12,14,12,7,17,13,8,18,22,24,28,21,31,32,42,36,27,45,33,51,49,59,59,55,62,67,75,78,90,110,88,103,108,123,136,183,167,185,179,192,181,193,224,273,266,266,303,336,384,390,465,566,594
2004,4,f,133,6,2,6,1,3,4,3,1,0,4,3,4,3,7,11,12,5,11,10,4,7,8,10,9,9,9,14,13,15,17,13,15,19,22,28,26,24,47,34,40,51,58,42,48,50,64,72,63,61,82,85,88,102,113,127,168,165,171,156,197,186,186,158,221,221,253,280,336,323,293,343,448,499,543
2004,5,f,111,8,6,2,2,2,2,1,1,0,2,1,4,2,5,3,10,12,6,7,8,12,5,8,9,17,16,7,10,9,15,20,9,17,16,19,21,27,42,31,28,44,37,35,38,57,67,76,75,57,73,81,75,105,116,118,129,169,127,137,148,179,185,172,210,242,226,249,309,313,349,337,425,459,531
2004,6,f,121,5,3,2,5,4,5,1,5,0,3,0,5,5,2,4,4,5,7,9,12,10,8,8,7,10,9,5,13,11,16,12,18,9,21,28,24,27,36,29,36,36,35,37,48,44,54,59,64,62,73,91,83,87,111,111,147,167,131,176,170,169,170,206,194,198,234,244,280,299,310,345,388,442,470
2004,7,f,92,11,3,5,5,1,3,2,4,4,1,1,1,2,3,2,2,7,1,9,3,7,6,10,5,9,8,3,6,10,14,15,24,11,19,20,15,19,30,25,35,31,33,34,49,45,44,51,53,51,75,57,58,87,103,105,127,163,134,150,174,164,166,168,183,193,216,260,289,308,291,342,395,444,483
2004,8,f,85,9,5,4,2,2,3,2,2,2,2,5,3,5,1,2,6,8,11,9,9,5,5,7,7,8,7,10,12,7,13,8,16,14,18,11,20,18,18,35,30,37,33,40,30,40,51,38,62,44,68,74,79,98,91,104,134,166,114,146,154,143,184,146,178,183,224,239,243,256,257,326,327,388,466
2004,9,f,68,6,5,2,4,1,0,3,1,4,2,0,3,4,5,3,3,7,11,9,4,5,7,9,7,9,2,5,1,9,7,10,9,17,15,18,18,21,22,28,22,29,35,35,42,43,53,45,43,56,69,48,72,71,88,88,113,151,130,133,149,129,160,166,171,180,206,235,233,267,268,332,327,388,439
2004,10,f,73,8,4,2,6,3,3,1,1,2,2,1,2,3,0,4,5,5,6,8,2,3,10,4,7,6,2,7,10,7,4,8,11,8,8,11,16,19,15,20,21,22,30,32,34,47,52,50,47,48,56,68,56,69,72,97,132,132,132,119,129,142,121,154,152,174,196,198,210,226,250,257,312,332,386
2005,1,f,275,23,7,7,6,3,7,6,2,4,3,4,6,5,7,6,12,10,14,17,12,12,18,17,11,13,15,21,16,23,24,22,32,42,35,39,36,40,45,56,53,69,63,83,85,79,92,83,107,94,120,124,157,140,143,148,160,203,219,206,211,224,239,253,300,303,376,381,382,414,439,445,550,520,655
2005,2,f,209,13,11,3,4,3,3,5,3,5,2,2,4,4,7,5,6,9,8,8,13,11,6,16,15,14,19,17,16,16,16,23,31,33,30,35,45,48,42,40,47,43,64,59,65,69,67,79,84,88,84,98,117,115,132,150,171,174,212,162,173,205,188,204,204,249,320,302,343,354,382,417,441,493,553
2005,3,f,178,11,1,8,1,3,2,2,0,4,5,8,6,1,3,4,12,10,14,7,15,2,7,13,13,18,9,11,19,15,21,14,16,17,32,21,31,36,28,56,49,42,50,54,65,62,60,63,77,79,91,87,106,105,118,107,163,147,156,175,175,209,212,188,212,243,284,300,319,338,361,376,428,453,552
2005,4,f,135,9,5,3,0,0,4,2,5,2,4,2,3,7,4,6,10,12,8,6,8,9,13,11,15,8,15,13,11,12,7,14,19,25,34,18,23,27,32,21,40,28,38,46,54,53,58,76,78,73,79,88,86,98,111,113,128,179,165,181,155,181,203,190,197,232,254,278,319,316,328,365,417,455,547
2005,5,f,109,10,8,7,2,1,3,3,2,2,3,3,6,4,2,4,5,4,8,11,8,10,11,15,8,17,7,8,9,14,9,17,16,12,13,22,23,31,44,29,42,31,48,42,46,37,43,64,75,70,66,89,85,81,101,112,128,174,183,141,158,183,201,166,175,228,244,290,281,327,295,353,423,411,490
2005,6,f,98,13,1,3,1,3,1,1,2,1,2,2,3,4,7,7,5,5,9,7,9,6,6,9,6,5,7,13,10,14,11,10,19,12,16,21,18,27,20,46,26,33,40,47,58,45,39,53,76,70,81,69,79,102,110,120,118,162,169,139,147,197,175,171,175,206,230,255,272,333,318,361,386,439,483
2005,7,f,95,7,5,1,2,1,1,2,1,2,0,1,0,1,4,4,5,7,4,10,7,4,9,6,6,7,5,11,6,6,9,9,10,13,15,12,15,23,20,30,33,37,45,25,36,43,49,55,60,82,80,72,73,80,94,99,127,132,191,145,169,186,203,187,206,218,234,241,274,289,326,326,353,425,483
2005,8,f,72,9,3,3,0,1,2,3,2,1,2,2,5,5,7,1,5,7,6,7,9,6,7,5,9,3,11,11,11,7,7,10,6,16,17,11,16,16,21,24,28,42,38,35,51,34,39,55,57,68,59,72,83,91,94,103,118,144,155,140,145,178,150,188,189,195,225,247,236,299,295,320,362,404,418
2005,9,f,65,6,3,0,2,6,2,3,1,0,2,1,4,5,0,0,4,5,4,5,4,10,6,6,4,5,7,5,7,4,6,12,13,14,14,10,19,20,32,17,29,27,36,31,41,36,53,44,46,54,60,67,69,73,80,99,113,152,141,135,158,127,164,175,169,196,229,249,218,264,236,263,345,393,395
2005,10,f,68,6,1,1,2,2,3,3,2,3,2,2,1,2,2,4,5,3,6,10,4,8,6,2,5,11,6,7,6,8,9,8,5,14,11,9,24,22,17,19,28,21,31,44,25,39,31,49,44,60,59,61,59,68,84,93,103,116,126,141,108,154,131,165,150,155,163,178,202,207,261,252,296,309,350
2006,1,f,301,21,15,7,6,7,4,3,6,3,4,5,6,9,7,8,5,8,16,15,13,10,11,8,14,17,22,23,30,17,18,24,34,33,33,33,38,39,55,57,69,59,70,79,75,104,94,115,111,125,107,123,145,145,127,169,184,165,196,242,219,240,257,273,253,294,351,367,397,401,439,458,511,522,604
2006,2,f,234,15,5,5,3,4,1,2,2,3,2,2,4,1,8,10,6,3,6,7,15,11,9,15,12,13,12,22,9,13,17,16,13,28,32,23,29,30,39,39,49,54,58,62,76,73,57,79,82,83,79,112,116,117,124,142,149,146,160,228,171,182,200,233,224,234,247,292,329,344,374,400,458,477,526
2006,3,f,169,16,8,6,4,3,1,6,5,2,4,2,1,4,4,4,10,14,6,7,6,12,9,7,15,13,19,12,11,12,17,20,21,19,23,35,30,30,27,45,46,53,46,52,63,64,55,51,88,81,93,84,76,112,112,115,137,156,158,182,163,195,213,196,226,218,252,290,326,332,335,377,377,448,537
2006,4,f,143,15,2,4,6,5,2,2,3,1,3,6,5,4,3,5,6,5,16,8,6,7,10,11,7,15,13,12,16,10,12,12,13,15,17,19,36,45,28,35,30,41,40,46,60,51,53,47,75,66,89,71,86,78,96,108,142,166,156,204,174,186,202,208,200,196,256,246,297,298,332,344,372,415,494
2006,5,f,111,14,7,5,4,4,4,1,4,0,1,4,2,3,2,3,4,6,13,10,8,7,7,6,13,8,8,9,12,7,16,11,8,22,17,27,17,23,30,28,37,38,32,45,27,44,50,53,58,69,92,77,81,91,76,112,123,142,158,197,171,163,180,216,244,200,223,251,310,274,336,359,407,374,461
2006,6,f,118,4,6,1,4,2,5,1,1,2,1,2,3,3,0,3,6,10,11,10,4,6,8,15,5,7,13,5,5,10,13,12,11,20,21,22,29,29,25,32,33,35,48,43,51,53,50,70,71,57,75,68,68,84,108,100,121,127,160,190,120,170,188,200,208,213,240,270,283,272,312,344,341,447,439
2006,7,f,104,5,4,3,1,0,1,2,4,0,1,2,4,6,3,5,3,8,6,9,6,1,8,6,7,6,12,9,13,11,13,10,7,14,12,27,15,17,32,28,22,37,35,48,43,37,41,56,60,55,80,66,88,85,90,93,108,123,146,166,160,188,184,204,187,195,191,251,273,275,303,343,326,385,465
2006,8,f,106,8,5,5,0,1,6,1,3,1,1,0,0,1,4,5,7,11,3,4,9,7,9,6,9,9,8,7,4,4,8,8,8,15,14,13,24,22,16,26,23,32,37,36,33,44,52,53,60,52,63,58,77,82,75,101,113,98,128,202,145,175,182,161,179,195,215,235,248,263,281,312,349,409,439
2006,9,f,77,4,8,1,3,1,1,0,4,0,3,4,1,3,3,6,7,5,7,5,6,8,7,2,4,4,7,4,11,4,6,9,10,13,11,13,22,23,28,29,27,28,31,38,43,45,47,49,57,57,67,62,82,74,84,92,121,117,150,170,138,171,182,162,168,136,187,222,241,251,290,268,305,347,420
2006,10,f,67,12,3,3,2,2,3,1,2,1,1,2,1,3,3,5,6,6,2,8,7,6,6,6,6,9,7,4,10,9,3,2,6,6,11,8,11,18,15,19,19,18,39,36,39,44,41,44,46,54,57,70,71,80,103,82,91,111,155,126,132,165,154,148,151,140,194,199,215,203,230,256,294,328,361
2007,1,f,271,20,9,10,4,2,5,3,4,6,9,2,9,6,3,3,13,12,9,13,11,11,9,20,16,17,15,17,18,27,32,21,26,29,38,46,36,43,51,58,69,68,84,70,73,98,84,103,104,102,136,106,113,141,153,159,161,186,190,229,285,273,235,284,294,266,300,322,381,406,484,500,445,525,549
2007,2,f,204,11,9,8,5,0,5,3,2,1,3,3,6,6,3,3,7,8,5,4,8,21,13,11,16,7,20,11,19,19,19,17,15,20,26,39,27,39,48,57,43,56,56,59,72,73,70,77,88,79,106,85,102,116,115,155,138,155,178,193,214,195,179,227,214,246,259,306,283,349,391,399,420,464,535
2007,3,f,185,11,6,5,2,1,3,2,0,5,4,3,2,6,4,4,7,3,8,5,11,6,14,7,14,11,10,12,13,17,14,11,21,22,20,19,36,33,35,40,49,36,42,67,49,58,72,66,80,86,95,94,91,111,112,116,127,114,151,141,207,221,193,224,212,200,233,279,295,344,364,344,396,391,474
2007,4,f,146,10,5,3,3,5,3,1,5,4,1,1,2,3,2,7,6,8,6,7,2,12,9,11,13,9,15,9,12,12,16,10,15,16,30,31,14,23,19,35,41,49,42,46,55,65,65,55,74,71,78,76,72,116,97,96,120,120,156,156,188,181,219,198,239,236,221,256,301,299,339,351,358,435,466
2007,5,f,106,8,6,5,2,6,2,3,1,1,4,3,2,2,8,4,2,10,8,4,7,3,5,8,4,7,8,11,11,13,10,13,14,20,18,16,24,28,28,28,46,56,50,51,55,61,61,60,66,68,65,66,83,97,99,96,126,151,137,173,205,186,181,239,222,217,228,260,291,321,340,340,370,429,450
2007,6,f,118,5,1,3,1,1,2,4,0,1,3,2,2,0,4,5,1,8,9,7,7,4,9,6,9,11,12,6,10,4,6,13,13,9,11,9,13,18,20,22,38,35,39,41,41,43,40,48,61,61,64,102,58,74,103,129,116,137,162,174,188,204,169,202,220,213,244,251,255,291,300,347,371,426,447
2007,7,f,88,6,3,3,2,2,1,0,0,2,5,1,2,3,4,1,6,6,11,8,2,9,5,6,7,5,6,8,8,8,6,9,15,11,15,18,12,25,24,24,27,29,26,53,39,46,53,68,59,65,63,66,76,89,101,114,110,134,138,162,176,166,190,199,209,187,201,217,256,292,301,303,352,395,427
2007,8,f,97,11,4,4,4,4,2,2,2,1,1,4,4,3,4,1,4,9,8,11,4,9,10,4,10,8,6,4,7,10,8,8,14,12,14,20,12,18,28,25,24,29,31,36,38,39,42,50,61,52,71,74,67,84,88,95,102,120,124,168,177,176,156,226,192,173,177,219,225,268,296,315,363,344,408
2007,9,f,104,6,4,4,3,1,2,2,3,1,3,5,1,4,3,3,6,9,3,9,6,9,5,2,9,0,6,2,5,8,9,6,12,14,19,10,14,20,19,29,38,31,32,36,31,42,45,39,57,52,61,69,65,64,97,83,106,123,131,166,201,151,165,201,181,168,199,211,229,239,243,253,332,336,396
2007,10,f,57,5,3,3,0,3,0,2,1,1,4,3,8,1,2,6,6,6,12,3,9,5,8,6,5,5,9,8,4,3,2,5,11,9,11,15,20,17,21,14,22,26,35,25,33,39,31,50,56,52,50,65,67,61,87,84,96,95,107,131,145,148,155,175,165,175,146,175,191,257,245,283,275,291,295
2008,1,f,312,29,7,11,0,9,7,4,4,3,2,8,5,2,3,4,8,7,10,13,12,19,24,13,17,14,19,27,19,27,21,30,27,22,23,32,38,58,57,51,75,67,73,91,70,84,88,87,92,107,131,125,125,127,151,173,162,175,188,233,255,290,236,291,282,288,295,315,390,415,450,463,507,504,576
2008,2,f,211,12,8,6,4,2,1,4,6,2,2,4,0,2,1,8,4,6,15,9,14,9,6,15,11,13,19,8,21,24,28,15,17,25,26,30,31,36,47,41,68,62,50,77,73,90,92,77,86,100,129,119,115,111,124,126,153,156,184,183,235,230,218,225,215,266,253,295,350,327,357,399,425,513,471
2008,3,f,193,17,6,7,8,3,7,3,5,4,3,4,4,7,2,7,4,5,8,14,9,9,13,6,9,9,15,16,16,15,15,18,23,38,22,24,28,30,47,46,42,52,64,51,61,73,73,71,68,82,95,84,97,108,100,115,139,128,167,162,178,233,205,206,251,239,239,258,287,341,374,338,385,455,451
2008,4,f,147,4,8,5,6,0,2,2,1,5,0,1,2,2,4,4,6,9,10,9,8,16,4,10,7,8,12,11,14,17,15,16,18,21,19,13,11,32,33,39,36,47,53,40,64,67,74,72,76,65,81,103,88,96,103,109,135,118,134,183,237,224,175,213,209,241,234,228,234,286,308,334,396,414,499
2008,5,f,119,3,11,4,7,1,5,0,2,4,3,3,1,2,6,3,2,6,10,4,6,7,10,8,7,14,10,9,7,10,4,12,22,12,22,19,15,27,30,35,25,47,43,44,59,46,55,53,67,70,84,104,85,88,114,97,102,128,125,171,172,213,204,186,247,262,229,251,262,316,299,370,376,445,429
2008,6,f,102,12,5,3,2,4,0,1,2,3,0,2,2,5,3,6,4,10,9,7,7,8,7,5,15,6,7,5,9,12,9,12,11,15,22,12,21,18,24,23,42,32,30,40,39,35,56,65,75,56,59,84,74,81,109,107,106,114,130,158,177,227,179,195,235,219,215,220,236,291,337,329,372,449,446
2008,7,f,75,8,5,2,2,1,1,2,2,2,1,0,2,1,2,4,4,7,4,8,6,3,5,5,8,6,9,4,3,5,11,5,13,21,21,19,12,12,19,29,25,32,32,51,41,37,53,56,69,74,81,78,79,61,114,84,96,126,126,157,191,216,192,191,222,225,189,228,272,291,301,324,373,371,386
2008,8,f,78,3,8,5,2,2,0,3,0,3,5,1,2,5,0,2,2,2,7,10,6,6,8,8,8,8,6,4,8,9,13,6,11,9,18,18,22,17,14,27,19,22,44,31,39,44,47,50,51,49,64,59,64,81,88,87,104,94,105,145,163,205,162,195,216,209,221,207,248,261,328,317,311,379,409
2008,9,f,69,10,3,2,3,3,0,0,3,1,2,1,1,3,1,4,2,6,8,8,4,6,7,10,3,6,11,8,7,7,8,8,13,13,14,22,16,18,25,28,19,31,33,35,36,46,46,41,60,50,69,54,76,69,93,96,91,117,122,141,145,199,173,161,216,202,183,201,218,265,245,315,283,343,335
2008,10,f,68,3,4,4,2,2,1,3,1,2,1,1,2,4,4,4,7,9,2,2,3,5,4,6,5,6,7,5,6,4,2,8,6,12,15,10,13,21,15,17,20,23,27,37,40,34,50,39,41,41,54,53,45,71,81,95,64,93,110,155,148,168,143,159,183,159,153,162,203,209,241,232,295,305,366
2009,1,f,280,12,10,8,8,5,4,5,4,3,5,6,6,1,6,6,10,9,9,15,10,7,10,19,15,19,33,19,30,19,28,38,25,22,34,47,40,38,44,60,81,63,73,72,85,87,91,88,96,111,109,106,135,125,136,172,176,178,179,199,222,228,262,272,267,279,307,296,301,384,388,409,435,501,526
2009,2,f,226,10,4,6,11,3,2,1,3,1,2,2,7,6,3,6,7,6,13,8,13,14,10,12,8,24,15,19,12,16,18,18,20,17,24,31,21,37,33,40,45,58,59,57,70,73,79,91,101,96,95,77,83,132,129,130,118,153,167,183,211,237,249,190,227,263,290,277,310,307,352,357,382,409,479
2009,3,f,165,7,10,4,2,4,3,2,6,3,1,2,0,1,7,5,9,8,11,10,11,12,11,10,11,7,9,8,18,16,16,21,16,24,21,25,32,31,39,37,45,45,45,55,52,66,72,66,56,76,101,88,110,123,129,114,111,150,128,176,180,201,230,230,243,226,275,259,270,285,362,386,351,440,478
2009,4,f,150,10,4,5,3,6,3,2,0,6,4,2,5,7,1,6,4,6,5,7,12,14,10,6,5,9,12,13,14,18,12,13,18,16,20,18,31,31,32,36,34,30,42,46,57,67,67,73,82,64,78,67,86,79,110,123,131,114,142,139,159,218,236,194,214,237,257,236,248,292,366,371,391,428,421
2009,5,f,121,5,5,6,3,2,2,2,1,5,2,2,1,2,3,2,4,4,5,7,6,6,6,7,8,11,9,15,17,16,5,14,15,19,19,18,20,20,34,24,30,44,34,38,58,65,62,60,59,59,73,68,90,94,99,99,123,115,140,163,154,191,228,186,215,239,268,233,257,291,302,341,391,437,437
2009,6,f,117,12,5,3,6,2,1,1,3,2,2,7,2,5,3,2,4,5,8,2,5,7,6,5,8,8,6,5,7,9,11,9,17,11,19,13,13,26,23,21,35,33,42,46,50,56,48,38,60,66,69,71,81,86,98,106,124,120,133,160,167,201,232,210,202,217,233,231,240,280,328,328,343,394,435
2009,7,f,81,4,6,2,2,0,3,2,1,2,3,2,5,4,5,8,10,8,6,12,3,9,8,3,6,2,6,8,10,8,11,6,8,10,8,14,13,25,22,25,24,35,32,37,34,36,42,51,42,67,71,61,61,78,79,101,115,124,115,140,162,166,202,203,218,204,229,194,218,245,305,314,302,339,391
2009,8,f,76,5,6,7,1,3,2,2,0,3,2,3,0,3,3,3,6,2,5,8,11,1,4,7,7,11,6,9,6,9,15,5,6,15,19,13,14,17,21,25,39,26,27,44,42,46,51,50,53,63,69,65,84,79,80,99,105,94,120,146,155,197,199,199,198,214,226,233,213,240,303,321,356,307,391
2009,9,f,73,8,3,3,2,4,1,0,0,4,3,1,0,3,3,3,0,7,7,3,5,6,3,7,6,3,3,2,4,16,9,7,9,9,15,15,9,14,21,19,23,25,30,40,39,49,43,43,48,67,63,52,75,76,75,88,103,85,104,124,149,159,195,213,205,203,207,189,196,223,248,267,281,316,384
2009,10,f,80,5,4,4,3,4,2,2,1,3,0,2,0,0,4,4,3,2,6,4,3,9,2,9,3,9,3,6,6,9,3,5,9,5,9,12,10,17,14,19,23,25,25,26,37,48,39,46,52,50,58,54,65,68,81,77,84,80,117,111,122,146,178,154,182,169,167,213,187,206,231,252,281,267,350
2010,1,f,269,25,6,5,4,3,3,3,5,2,6,2,7,5,6,11,7,10,10,4,11,12,14,12,19,21,21,22,23,14,26,21,33,28,28,27,49,39,45,40,62,63,68,73,77,97,87,89,112,134,112,110,145,153,175,153,169,161,203,203,228,250,259,289,252,250,300,281,305,343,399,440,480,509,524
2010,2,f,202,11,8,6,6,4,4,5,3,4,1,3,3,4,8,5,7,8,7,10,6,10,9,15,10,8,13,11,20,14,26,18,24,18,29,28,31,51,36,31,48,65,61,71,71,62,74,96,86,81,96,96,110,122,128,113,138,148,173,191,193,209,232,276,253,256,265,255,285,297,333,357,392,415,455
2010,3,f,198,13,5,5,5,3,3,4,1,2,4,2,3,1,2,8,4,5,6,13,12,5,9,13,12,6,14,16,13,15,20,19,22,20,19,30,32,33,33,35,45,37,45,52,68,60,65,80,74,82,75,104,134,109,123,117,125,158,171,141,178,206,219,223,209,227,268,266,264,278,366,374,412,418,416
2010,4,f,132,13,4,5,3,4,4,2,6,2,5,2,0,1,5,3,7,9,7,8,7,3,8,12,8,14,7,14,13,13,14,7,12,12,17,29,18,31,29,23,34,44,45,45,47,55,70,67,62,68,80,81,87,97,106,120,109,127,100,132,159,198,203,267,238,238,241,288,226,257,316,315,356,386,456
2010,5,f,119,5,4,6,3,2,3,3,3,3,2,2,4,3,3,3,9,5,9,6,2,2,5,9,7,11,8,11,11,10,17,8,21,14,8,18,16,30,27,29,29,33,36,47,50,58,48,56,68,64,75,85,75,84,115,114,123,125,135,130,172,180,246,236,232,220,241,258,252,290,306,356,362,391,427
2010,6,f,108,5,5,7,3,0,1,2,2,1,0,2,3,3,4,1,2,11,9,5,9,4,7,12,13,2,9,10,7,12,10,22,7,11,9,11,23,16,29,35,27,30,38,47,52,50,47,47,57,75,69,87,78,80,91,89,96,114,139,116,169,168,195,268,197,247,233,243,246,272,297,321,356,369,392
2010,7,f,99,7,4,1,3,0,1,0,5,3,0,0,3,0,3,5,3,6,5,11,4,3,6,3,6,10,8,9,10,6,12,6,12,8,14,16,20,18,24,24,35,38,44,43,33,37,54,56,41,59,75,66,78,83,94,87,123,128,124,143,146,169,193,218,212,236,244,237,251,268,298,325,332,379,372
2010,8,f,77,4,2,3,2,3,1,2,2,1,1,3,0,4,6,5,2,6,4,7,10,6,1,3,9,8,2,7,15,8,5,11,9,12,7,15,20,20,24,19,24,28,26,33,29,47,43,51,57,59,59,67,76,64,77,85,93,124,111,136,152,171,180,208,187,228,226,223,264,236,268,311,317,345,416
2010,9,f,82,8,2,1,0,2,3,3,3,2,2,2,2,3,2,3,5,3,10,6,7,1,1,7,3,5,5,10,10,5,14,7,5,10,12,17,18,20,22,26,22,30,14,28,42,44,48,37,65,42,46,76,63,80,59,81,109,114,121,113,130,173,170,225,180,202,228,217,221,257,274,288,290,349,369
2010,10,f,56,10,3,2,1,2,3,0,3,2,0,1,3,2,6,2,6,8,5,4,3,5,2,4,6,5,5,2,4,4,5,4,6,13,5,8,12,20,20,25,17,35,32,35,34,23,34,55,41,52,46,73,76,64,75,68,75,91,105,130,108,129,162,168,158,176,194,184,206,206,216,248,287,278,328
2011,1,f,243,20,6,5,9,4,4,2,2,4,0,1,3,1,2,0,2,5,14,11,12,12,15,14,15,20,21,26,18,19,26,36,33,30,31,28,31,27,41,53,64,62,73,69,72,78,101,99,101,111,122,126,130,135,154,131,142,173,172,214,207,217,238,280,319,261,313,324,315,340,362,431,432,466,501
2011,2,f,185,11,9,6,8,2,7,0,5,2,0,4,3,3,3,6,5,6,4,11,7,13,14,18,8,21,15,16,18,20,23,31,29,24,22,42,35,24,38,39,45,61,46,64,69,72,92,85,95,96,100,111,109,123,113,95,156,149,133,166,191,203,211,255,286,256,231,258,281,283,365,329,423,405,469
2011,3,f,177,9,4,3,5,2,1,2,0,2,1,4,4,1,2,7,3,8,8,8,7,11,16,13,13,8,8,15,14,16,10,19,27,16,22,16,27,34,24,30,40,41,44,54,60,71,72,65,70,83,82,90,102,97,123,117,121,127,145,152,160,189,200,210,279,241,246,286,318,299,284,326,414,379,436
2011,4,f,144,14,3,4,2,3,1,0,0,1,1,2,3,2,5,2,5,4,7,6,5,8,8,12,8,8,11,15,7,11,15,13,18,18,22,20,22,24,26,31,42,43,53,58,47,60,67,58,85,63,91,85,101,93,122,129,130,109,135,148,175,197,207,232,258,232,273,267,272,280,307,341,359,396,401
2011,5,f,115,9,7,4,1,2,3,1,2,1,3,3,3,5,5,5,3,5,3,4,5,6,10,7,9,2,9,8,10,9,12,11,9,15,17,18,24,24,27,26,26,32,39,32,48,51,53,54,67,66,70,72,83,90,106,105,110,135,122,128,169,156,211,205,256,250,261,274,284,252,321,347,383,398,426
2011,6,f,104,6,7,2,1,3,3,1,1,2,2,0,3,2,5,4,3,5,7,6,8,7,6,5,7,5,9,10,10,9,11,13,17,12,11,23,13,22,18,24,33,32,35,49,46,47,58,53,54,74,81,70,77,69,85,104,123,134,119,156,151,166,201,206,258,226,229,274,274,274,253,300,378,361,401
2011,7,f,75,9,5,1,2,1,0,2,0,3,1,2,3,0,4,0,3,7,3,12,8,8,4,6,4,13,8,10,4,9,5,5,4,13,13,11,12,21,25,19,19,32,20,44,39,54,48,45,49,66,53,64,70,77,91,92,101,114,111,137,139,158,172,218,252,203,228,245,287,268,287,315,365,328,411
2011,8,f,65,9,5,5,1,3,1,2,1,3,1,3,1,1,1,1,4,6,3,4,7,6,2,5,8,6,7,5,10,9,16,8,7,12,14,10,13,14,27,25,20,35,33,37,36,41,39,48,38,60,57,72,66,83,80,90,79,98,115,122,148,170,184,217,248,229,228,237,278,253,243,273,305,347,395
2011,9,f,77,3,3,2,2,0,1,1,2,0,0,2,2,4,0,2,3,4,5,1,2,4,3,4,6,5,7,11,8,4,5,7,11,10,6,16,7,14,13,15,16,25,33,33,31,22,47,51,58,67,55,70,72,60,77,76,92,113,90,126,136,140,156,199,228,201,242,230,221,239,241,242,311,310,372
2011,10,f,57,7,3,2,1,3,2,3,0,0,2,3,2,1,2,2,3,5,3,4,4,6,3,3,5,5,3,11,5,5,10,8,7,7,10,6,9,12,16,17,22,18,28,19,28,38,40,29,51,39,55,67,57,82,69,63,53,81,98,108,112,114,124,188,191,187,199,241,177,210,212,250,268,283,293
2012,1,f,234,20,9,6,6,2,4,6,3,3,5,0,4,1,7,7,4,7,8,9,11,12,7,8,7,15,14,15,16,20,28,25,26,30,21,28,25,48,44,59,51,54,66,71,65,86,88,104,92,112,120,119,151,138,146,170,155,154,181,208,203,244,270,278,278,327,342,323,355,354,366,399,474,461,504
2012,2,f,208,9,9,4,2,3,5,1,1,2,2,2,6,7,2,3,7,4,5,8,8,6,8,10,11,11,12,5,23,10,10,21,21,29,26,27,26,29,35,44,40,46,64,56,67,57,72,80,101,93,105,77,126,124,114,135,141,136,159,171,152,189,222,203,269,284,239,285,312,339,308,347,409,426,451
2012,3,f,159,16,5,6,7,2,5,2,0,3,1,2,3,4,5,3,5,7,4,7,4,11,11,10,12,12,10,15,21,13,17,24,19,16,25,23,25,21,16,41,35,41,38,53,52,59,61,70,80,80,83,96,95,108,110,114,130,139,165,175,180,193,185,220,262,268,240,280,286,299,320,323,347,403,493
2012,4,f,133,5,3,4,1,4,3,4,1,0,2,1,4,2,6,3,4,7,4,5,8,6,3,12,8,13,17,11,13,13,11,10,14,17,19,17,15,15,25,28,35,26,46,42,53,53,77,62,65,72,87,106,92,102,96,126,110,114,149,169,171,170,199,207,228,274,247,285,269,286,294,302,321,442,427
2012,5,f,100,11,1,5,3,2,2,0,3,3,2,1,1,0,2,2,2,6,7,6,7,6,12,8,8,2,5,9,12,10,18,13,10,12,10,20,23,24,24,23,38,34,38,37,50,70,62,53,69,65,76,82,88,80,95,101,110,114,141,153,153,168,227,199,262,288,276,278,272,299,326,299,352,411,415
2012,6,f,79,7,2,4,3,7,2,3,0,2,2,5,0,0,1,3,3,4,3,5,12,7,6,5,6,8,5,5,9,7,12,9,16,11,14,16,13,21,13,17,25,40,28,47,29,49,48,72,58,62,79,85,87,77,91,107,101,119,138,148,136,165,166,192,248,281,234,257,287,279,300,296,383,365,405
2012,7,f,95,4,3,2,1,2,4,1,6,4,2,1,3,3,1,4,2,5,7,9,10,4,3,5,5,5,2,9,5,6,2,13,8,9,15,16,11,15,18,20,19,21,28,28,34,45,45,68,56,65,64,71,74,80,93,104,97,100,114,137,129,158,162,219,228,258,255,309,245,289,285,280,361,394,410
2012,8,f,80,5,2,0,2,2,0,0,3,2,2,3,2,1,0,3,3,2,4,3,5,11,1,4,6,11,4,14,4,5,5,9,11,11,15,9,13,11,20,18,19,34,31,28,43,47,35,46,44,55,69,75,64,91,74,89,110,110,100,146,137,144,172,194,204,272,208,236,268,310,287,271,317,337,393
2012,9,f,88,2,2,4,3,3,2,2,1,0,2,0,3,3,1,4,5,2,4,4,2,7,4,4,9,5,3,10,11,7,13,9,14,12,8,10,13,16,22,19,26,21,22,31,31,43,34,49,58,60,53,62,49,75,78,82,75,107,87,130,122,135,148,159,187,242,195,246,265,260,266,236,290,346,364
2012,10,f,63,6,0,4,1,4,2,3,0,0,2,1,3,3,3,2,1,6,3,3,3,5,4,4,2,1,2,3,6,6,6,10,6,4,9,5,9,16,14,22,14,19,22,24,33,31,36,41,48,57,44,54,69,58,83,62,81,70,96,86,114,100,164,155,185,220,195,213,218,227,203,229,281,268,325
2013,1,f,220,12,7,8,7,5,5,1,6,4,2,3,1,5,6,5,3,1,8,8,5,13,10,11,16,21,18,24,23,17,28,19,28,30,34,40,34,34,37,44,51,74,72,79,78,78,89,99,102,130,122,137,146,155,136,161,164,192,173,177,193,221,218,270,280,339,359,337,327,350,395,366,396,454,542
2013,2,f,186,18,8,10,5,3,4,3,2,1,4,5,3,2,4,4,7,6,11,7,12,12,9,5,12,13,16,17,17,16,24,19,22,25,32,25,28,23,32,56,38,50,59,67,68,68,63,99,79,110,91,108,113,118,123,152,149,135,164,176,172,191,220,228,271,291,283,307,296,320,345,347,369,428,425
2013,3,f,151,18,5,1,2,2,4,2,0,0,1,2,0,5,6,1,4,5,7,9,16,6,11,15,7,13,10,14,12,15,13,30,14,14,21,18,17,27,29,48,41,34,49,53,66,49,68,81,66,73,92,98,96,96,115,113,132,128,149,123,184,192,217,203,240,274,299,281,286,306,317,325,346,403,432
2013,4,f,105,7,6,5,1,5,2,0,1,0,4,1,2,2,1,2,3,3,4,3,0,6,8,5,11,6,8,14,12,11,17,14,19,16,23,15,28,24,18,24,29,45,39,41,66,46,54,77,77,70,93,94,98,121,97,130,142,138,141,175,162,186,168,238,216,272,286,275,282,292,328,323,340,413,414
2013,5,f,98,10,3,5,4,2,4,1,3,1,1,1,1,1,3,5,5,8,14,3,6,10,10,13,5,3,10,11,15,12,13,19,10,16,19,19,22,18,22,25,24,24,30,34,39,54,43,54,72,89,67,69,83,84,105,119,95,123,124,137,138,176,172,204,232,211,319,261,295,323,304,318,367,385,466
2013,6,f,85,8,3,3,1,3,1,1,2,5,5,4,1,0,2,3,4,0,5,5,6,2,7,5,7,7,7,6,12,15,16,14,10,18,16,16,25,12,17,22,27,30,34,33,39,51,56,64,58,59,65,94,85,91,104,99,111,117,121,127,147,170,180,200,223,274,274,278,301,321,330,301,342,379,426
2013,7,f,73,9,5,3,1,2,1,2,0,2,3,1,2,4,2,1,5,5,2,3,5,7,11,6,3,5,7,5,7,8,5,5,13,13,9,9,16,16,19,19,22,23,30,38,40,42,45,45,55,69,65,61,78,81,85,102,108,99,123,124,127,140,154,205,197,261,300,257,275,295,306,310,312,364,390
2013,8,f,70,5,1,3,5,2,2,5,4,4,1,0,7,0,2,5,4,2,5,5,4,5,6,5,8,6,6,6,6,7,8,7,13,8,12,17,11,15,17,22,13,34,26,25,37,38,31,60,46,51,81,70,73,79,74,87,77,107,106,113,118,126,150,187,184,240,285,272,254,296,267,312,289,351,392
2013,9,f,58,7,1,3,2,4,2,4,4,1,2,0,2,2,2,3,4,4,3,4,8,6,2,5,3,9,2,3,8,4,4,8,18,10,7,18,10,12,18,22,26,21,16,22,43,37,37,46,34,50,56,54,78,60,85,76,93,109,99,90,126,133,141,165,175,231,251,228,251,283,301,286,279,301,417
2013,10,f,62,4,4,0,2,1,0,1,1,1,2,4,0,2,3,4,1,3,1,6,3,4,3,4,4,7,9,5,6,3,9,9,8,9,8,9,9,13,15,16,16,24,24,27,40,25,38,34,45,55,48,53,49,59,55,73,72,87,90,102,108,114,151,139,153,167,214,202,239,243,266,230,237,339,339
2014,1,f,252,24,6,7,7,5,2,6,1,3,3,2,4,6,7,3,6,7,8,12,6,9,16,21,11,12,16,12,30,23,31,29,28,31,39,31,48,37,55,47,70,59,71,75,81,103,98,111,99,109,137,122,138,140,153,163,170,208,190,186,224,235,224,286,307,308,334,372,320,334,409,415,402,399,477
2014,2,f,188,10,10,6,2,2,4,4,4,3,4,3,2,6,2,6,6,6,6,3,9,7,12,9,21,11,13,9,22,21,13,27,24,34,31,30,25,34,33,37,49,51,48,58,63,75,71,82,85,98,113,125,122,120,132,136,122,151,177,154,173,184,211,218,253,287,295,310,301,324,348,403,381,407,456
2014,3,f,107,5,6,6,1,3,7,4,1,4,3,3,1,3,9,5,8,5,6,9,4,14,8,10,8,15,17,19,16,21,16,16,23,25,28,30,18,29,27,31,40,30,44,47,48,67,71,70,90,79,100,98,105,103,103,93,129,134,148,142,169,185,184,203,228,228,278,311,291,260,332,332,380,395,449
2014,4,f,134,6,10,9,2,2,3,3,5,2,1,1,2,2,7,3,11,1,6,5,9,10,8,8,10,11,12,12,18,14,15,20,10,21,22,20,23,26,24,39,27,39,38,64,48,54,50,63,73,70,66,93,96,87,111,118,108,109,129,156,179,202,193,179,217,268,256,337,301,290,320,342,385,411,460
2014,5,f,108,10,2,3,2,4,3,2,1,2,1,0,2,2,1,4,8,5,7,8,5,7,6,13,5,10,11,6,12,16,8,13,18,22,14,15,15,16,28,24,30,35,39,40,50,43,53,53,65,68,78,92,94,97,84,109,112,116,114,123,163,157,168,199,227,244,274,302,312,325,334,374,360,318,428
2014,6,f,99,4,1,0,1,1,1,6,2,2,2,0,2,1,3,5,6,5,4,6,2,4,6,7,6,4,3,12,10,9,13,11,14,12,24,17,22,19,24,18,25,42,38,40,41,52,47,50,65,62,67,73,72,91,92,122,97,113,113,114,146,151,177,199,214,226,240,294,312,310,360,321,381,351,364
2014,7,f,73,2,2,5,2,0,3,3,3,1,2,2,0,1,2,5,3,3,7,8,4,3,6,6,6,8,6,6,5,8,8,5,3,11,13,19,17,17,21,14,27,21,37,46,37,46,45,49,57,56,74,74,64,84,82,95,109,106,106,129,139,145,153,211,194,213,280,294,283,296,344,364,308,344,386
2014,8,f,75,1,3,0,2,1,1,1,1,2,2,0,0,1,2,6,1,4,9,5,8,2,9,4,6,7,6,4,4,4,6,11,11,8,16,17,12,13,20,17,26,24,22,28,30,47,50,38,47,79,66,59,80,73,79,94,101,108,104,116,123,162,175,159,203,190,247,310,282,335,326,321,330,343,337
2014,9,f,75,5,4,3,3,1,1,2,0,2,0,1,1,2,0,2,8,8,6,3,9,9,7,2,7,4,3,1,8,6,10,10,17,16,7,9,10,12,20,11,19,26,51,32,30,35,40,46,50,49,65,63,80,82,89,88,84,100,87,117,117,121,134,147,168,213,221,261,267,279,308,285,324,292,386
2014,10,f,66,8,4,2,4,2,2,1,2,0,2,0,1,4,4,1,0,6,7,5,4,5,6,6,3,5,5,5,4,9,2,9,7,9,8,13,17,14,13,16,13,18,17,32,31,25,29,46,43,35,50,50,61,58,76,80,86,85,74,89,101,114,100,114,153,179,196,250,227,222,256,284,255,293,338
2015,1,f,231,18,11,5,9,2,3,7,5,5,3,3,2,4,7,10,6,6,8,11,13,5,7,21,10,17,19,15,17,22,25,18,35,32,36,52,43,52,41,64,50,50,72,76,82,95,105,87,125,131,127,144,139,179,187,150,172,170,191,197,210,234,270,274,259,329,319,420,425,364,385,395,429,480,489
2015,2,f,182,15,7,6,5,4,3,3,3,2,3,0,2,8,2,4,5,3,7,7,6,6,8,7,12,9,19,20,13,20,23,19,25,20,26,20,38,38,38,34,53,54,57,56,74,71,88,82,90,100,111,131,111,129,116,130,148,157,175,189,175,208,219,255,232,263,280,335,429,346,329,394,422,413,446
2015,3,f,126,9,2,7,2,2,3,0,3,1,2,2,2,4,5,3,5,4,6,9,13,6,4,7,10,9,10,8,14,17,18,14,19,22,17,31,32,20,31,41,36,38,50,53,51,59,56,69,77,85,96,82,106,119,112,108,134,140,158,153,187,195,210,217,219,255,266,318,329,297,358,368,392,380,453
2015,4,f,110,9,3,5,4,1,2,4,2,3,3,0,3,6,2,6,10,5,5,9,7,9,11,6,6,11,14,15,14,11,14,21,14,13,22,25,22,26,21,22,40,25,32,39,39,64,66,62,58,76,92,82,105,123,108,122,109,114,122,149,157,167,184,195,218,218,244,294,381,359,351,380,370,445,414
2015,5,f,103,10,4,4,1,1,2,4,1,0,2,1,0,4,2,8,4,5,6,6,6,10,8,13,11,8,12,11,6,13,8,13,10,18,12,18,24,15,27,19,23,30,44,37,47,46,65,58,66,81,85,86,85,94,97,127,135,122,123,130,162,176,170,204,192,216,271,312,362,330,350,406,385,378,419
2015,6,f,78,5,3,5,2,2,4,3,2,1,0,1,4,2,4,6,2,7,16,3,4,3,7,10,7,9,9,4,9,13,14,11,15,24,17,12,13,20,27,12,23,22,32,35,44,56,47,68,64,63,74,74,88,83,106,85,106,137,124,165,154,176,171,169,187,228,259,302,371,333,381,380,408,414,404
2015,7,f,65,8,2,3,0,2,2,2,3,3,1,3,0,1,2,4,5,6,2,11,4,5,6,9,3,5,9,6,4,10,10,12,6,8,10,14,15,20,21,29,30,30,30,28,40,49,41,46,57,59,59,58,88,94,83,112,98,106,116,138,136,125,162,175,199,195,257,281,362,265,335,380,364,361,390
2015,8,f,70,7,2,4,1,4,4,1,1,2,0,1,3,4,2,5,2,5,5,8,4,3,7,10,8,5,9,9,9,11,12,8,14,9,14,5,16,15,24,18,16,19,35,28,33,26,54,42,66,53,66,74,70,90,93,79,95,89,105,112,144,130,135,168,181,202,235,260,335,282,291,361,310,374,362
2015,9,f,62,5,3,1,1,3,0,2,1,2,2,3,1,2,1,0,3,2,9,1,5,3,5,2,6,5,3,4,8,8,8,5,9,8,13,10,14,10,15,17,20,19,26,27,31,37,44,38,37,49,62,63,79,78,85,84,88,100,99,104,131,118,143,145,175,192,222,250,309,273,327,309,348,341,356
2015,10,f,58,2,3,0,1,1,1,2,3,2,2,1,3,2,4,2,1,3,2,5,8,5,4,4,2,5,1,2,3,7,6,8,14,5,10,14,9,15,6,11,12,16,17,21,23,22,31,44,46,35,45,69,58,64,80,90,81,89,73,107,114,109,123,134,162,159,223,223,289,215,240,292,273,306,278
2016,1,f,244,13,8,10,4,3,2,4,1,2,4,6,4,4,2,5,9,6,10,5,7,14,13,11,15,19,12,21,26,20,31,36,23,35,42,36,45,45,38,50,53,68,59,57,90,116,110,126,113,123,123,150,148,175,176,159,174,212,198,242,220,259,280,308,287,309,333,343,382,437,358,375,446,532,511
2016,2,f,181,13,11,0,6,3,4,3,1,2,5,4,3,6,5,7,4,6,4,10,15,15,14,7,12,13,15,13,21,22,22,18,30,25,21,38,35,32,33,36,35,40,50,58,71,76,81,83,88,89,110,118,133,130,138,143,156,150,194,180,181,209,238,248,221,280,279,298,342,401,375,388,435,411,425
2016,3,f,149,11,11,3,3,3,2,2,1,3,1,3,2,2,5,4,3,6,5,9,4,13,8,9,13,12,12,16,12,14,15,15,31,21,28,19,27,32,34,38,35,35,43,48,50,50,67,64,72,89,89,117,131,112,138,164,158,169,151,163,202,174,203,215,232,233,266,292,332,396,359,373,424,433,402
2016,4,f,115,13,4,2,0,1,3,1,1,3,4,2,2,2,2,5,6,2,7,1,6,8,3,11,10,12,9,6,15,16,16,11,18,19,18,25,21,24,24,16,29,36,38,51,64,50,46,73,61,76,92,96,116,109,117,131,137,135,138,159,164,186,214,204,224,247,298,325,337,384,341,369,412,420,424
2016,5,f,110,4,6,5,0,0,3,4,0,1,1,2,1,1,4,5,4,5,8,3,7,10,7,8,13,10,11,5,12,10,17,15,18,16,18,21,30,23,22,18,27,24,42,36,39,47,58,70,61,87,72,94,85,98,112,117,136,122,137,146,154,181,189,189,203,226,263,297,351,415,352,406,455,431,417
2016,6,f,87,6,4,3,4,0,2,0,0,1,1,4,1,1,1,4,2,3,7,2,3,3,5,8,7,3,11,11,11,9,14,13,15,15,13,16,18,18,15,19,26,30,26,39,45,46,48,67,72,53,86,84,84,83,118,103,128,122,141,152,130,155,178,182,191,192,290,285,321,393,340,391,419,424,388
2016,7,f,78,7,2,3,3,3,2,0,4,3,1,0,1,2,5,0,0,6,5,9,6,1,1,2,3,5,4,9,8,10,12,10,12,15,18,15,17,13,22,17,24,18,26,36,40,41,51,58,60,62,63,70,82,85,84,116,105,122,110,136,130,119,159,180,208,211,263,280,313,410,336,378,426,381,421
2016,8,f,67,5,2,2,2,0,3,3,0,4,2,3,1,1,3,1,4,4,9,5,6,6,7,5,6,8,6,10,7,11,10,10,7,11,13,14,19,20,17,14,22,22,18,30,41,59,39,45,47,63,59,73,82,91,76,98,104,110,109,129,122,119,159,155,199,193,233,247,303,332,318,374,418,407,415
2016,9,f,69,12,1,0,6,1,0,1,1,1,1,0,2,1,1,1,3,2,7,5,5,4,7,6,2,7,5,9,5,9,9,9,19,16,12,11,13,11,16,19,14,26,24,24,26,40,41,34,56,53,62,63,80,77,78,93,88,98,110,111,135,128,153,152,160,177,228,254,317,328,304,340,369,400,394
2016,10,f,54,6,1,2,2,2,1,2,2,4,0,2,1,2,2,3,3,2,6,8,5,3,3,4,3,4,7,7,3,3,7,6,5,6,12,8,9,12,13,18,18,21,29,20,25,38,34,32,33,30,52,73,56,69,71,70,76,78,115,112,94,109,122,131,139,159,190,197,232,307,263,305,313,312,300
